timestamp,current_svg_count,api_count,diff
2025-05-21T18:35:23.428134,3,N/A,0
2025-05-21T19:19:56.423085,4,N/A,0
2025-05-21T20:27:38.456929,5,N/A,0
2025-05-21T21:23:16.808987,6,N/A,0
2025-05-21T22:24:40.988564,7,N/A,0
2025-05-21T23:23:23.376688,8,N/A,0
2025-05-22T02:02:56.101499,9,N/A,0
2025-05-22T03:45:13.833203,10,N/A,0
2025-05-22T04:31:43.403385,11,N/A,0
2025-05-22T05:25:48.800810,12,N/A,0
2025-05-22T06:35:53.282622,13,N/A,0
2025-05-22T07:24:35.227088,14,N/A,0
2025-05-22T08:33:21.937345,15,N/A,0
2025-05-22T09:27:37.060970,16,N/A,0
2025-05-22T10:27:39.499524,17,N/A,0
2025-05-22T11:21:41.808078,18,N/A,0
2025-05-22T12:53:11.996075,19,N/A,0
2025-05-22T13:36:04.094090,20,N/A,0
2025-05-22T14:25:46.573713,21,N/A,0
2025-05-22T15:27:38.339236,22,N/A,0
2025-05-22T16:32:14.658304,23,N/A,0
2025-05-22T17:22:37.504285,24,N/A,0
2025-05-22T18:35:13.687805,25,N/A,0
2025-05-22T19:20:17.105774,26,N/A,0
2025-05-22T20:28:01.388451,27,N/A,0
2025-05-22T21:23:08.680751,28,N/A,0
2025-05-22T22:25:09.119294,29,N/A,0
2025-05-22T23:23:54.439222,30,N/A,0
2025-05-23T02:02:33.074960,31,N/A,0
2025-05-23T03:44:14.499884,32,N/A,0
2025-05-23T04:30:04.424792,33,N/A,0
2025-05-23T05:25:37.253676,34,N/A,0
2025-05-23T06:35:26.929767,35,N/A,0
2025-05-23T07:24:28.080648,36,N/A,0
2025-05-23T08:33:25.705969,37,N/A,0
2025-05-23T09:27:24.425193,38,N/A,0
2025-05-23T10:27:20.841634,39,N/A,0
2025-05-23T11:20:48.761555,40,N/A,0
2025-05-23T12:51:15.587342,41,N/A,0
2025-05-23T13:34:20.791628,42,N/A,0
2025-05-23T14:24:38.006280,43,N/A,0
2025-05-23T15:26:29.350509,44,N/A,0
2025-05-23T16:03:12.661569,45,N/A,0
2025-05-23T16:31:00.745531,46,N/A,0
2025-05-23T17:22:44.322306,47,N/A,0
2025-05-23T18:33:27.855545,48,N/A,0
2025-05-23T19:19:22.223527,49,N/A,0
2025-05-23T20:27:24.598337,50,N/A,0
2025-05-23T21:21:17.943787,51,N/A,0
2025-05-23T22:24:12.633243,52,N/A,0
2025-05-23T23:23:40.449637,53,N/A,0
2025-05-24T01:58:22.370461,54,N/A,0
2025-05-24T03:11:15.514490,55,N/A,0
2025-05-24T04:28:22.479595,56,N/A,0
2025-05-24T05:23:47.759771,57,N/A,0
2025-05-24T06:32:23.930461,58,N/A,0
2025-05-24T07:21:46.111877,59,N/A,0
2025-05-24T08:29:00.920096,60,N/A,0
2025-05-24T09:23:29.789862,61,N/A,0
2025-05-24T10:24:45.692942,62,N/A,0
2025-05-24T11:18:33.216943,63,N/A,0
2025-05-24T12:46:56.413655,64,N/A,0
2025-05-24T13:30:41.390680,65,N/A,0
2025-05-24T14:21:06.074175,66,N/A,0
2025-05-24T15:23:15.720585,67,N/A,0
2025-05-24T16:28:55.490841,68,N/A,0
2025-05-24T17:20:52.326016,69,N/A,0
2025-05-24T18:31:58.660598,70,N/A,0
2025-05-24T19:18:11.106975,71,N/A,0
2025-05-24T20:25:19.773507,72,N/A,0
2025-05-24T21:21:28.998470,73,N/A,0
2025-05-24T22:22:44.543418,74,N/A,0
2025-05-24T23:22:24.971180,75,N/A,0
2025-05-25T02:13:20.388212,76,N/A,0
2025-05-25T03:50:19.827776,77,N/A,0
2025-05-25T04:31:44.788584,78,N/A,0
2025-05-25T05:23:44.299884,79,N/A,0
2025-05-25T06:33:07.834940,80,N/A,0
2025-05-25T07:22:14.268988,81,N/A,0
2025-05-25T08:29:55.518818,82,N/A,0
2025-05-25T09:23:31.652981,83,N/A,0
2025-05-25T10:24:38.732362,84,N/A,0
2025-05-25T11:18:42.366110,85,N/A,0
2025-05-25T12:47:41.030741,86,N/A,0
2025-05-25T13:29:42.191760,87,N/A,0
2025-05-25T14:22:09.769686,88,N/A,0
2025-05-25T15:23:21.378939,89,N/A,0
2025-05-25T16:29:27.939784,90,N/A,0
2025-05-25T17:19:40.532280,91,N/A,0
2025-05-25T18:31:52.131673,92,N/A,0
2025-05-25T19:18:21.040739,93,N/A,0
2025-05-25T20:25:25.584890,94,N/A,0
2025-05-25T21:22:09.723887,95,N/A,0
2025-05-25T22:24:13.718451,96,N/A,0
2025-05-25T23:23:43.878713,97,N/A,0
2025-05-26T02:06:34.963838,98,N/A,0
2025-05-26T03:49:13.277064,99,N/A,0
2025-05-26T04:32:11.504749,100,N/A,0
2025-05-26T05:26:23.860002,101,N/A,0
2025-05-26T06:37:34.514454,102,N/A,0
2025-05-26T07:34:08.321584,103,N/A,0
2025-05-26T08:53:55.541134,104,N/A,0
2025-05-26T09:51:01.862014,105,N/A,0
2025-05-26T10:30:00.798479,106,N/A,0
2025-05-26T11:19:35.526292,107,N/A,0
2025-05-26T12:50:57.768055,108,N/A,0
2025-05-26T13:33:30.760702,109,N/A,0
2025-05-26T14:25:24.087362,110,N/A,0
2025-05-26T15:26:32.736763,111,N/A,0
2025-05-26T16:25:18.787150,112,N/A,0
2025-05-26T16:30:33.895733,113,N/A,0
2025-05-26T17:21:36.881691,114,N/A,0
2025-05-26T18:33:28.549922,115,N/A,0
2025-05-26T19:19:24.442310,116,N/A,0
2025-05-26T20:27:07.333940,117,N/A,0
2025-05-26T21:22:33.628910,118,N/A,0
2025-05-26T22:23:49.107458,119,N/A,0
2025-05-26T23:22:44.417846,120,N/A,0
2025-05-27T02:01:59.632873,121,N/A,0
2025-05-27T03:46:31.669912,122,N/A,0
2025-05-27T04:32:09.001766,123,N/A,0
2025-05-27T05:26:18.417110,124,N/A,0
2025-05-27T06:35:54.686811,125,N/A,0
2025-05-27T07:25:06.447343,126,N/A,0
2025-05-27T08:33:24.894296,127,N/A,0
2025-05-27T09:27:06.754714,128,N/A,0
2025-05-27T10:28:29.438216,129,N/A,0
2025-05-27T11:21:43.102595,130,N/A,0
2025-05-27T12:53:45.403661,131,N/A,0
2025-05-27T13:36:51.846130,132,N/A,0
2025-05-27T14:25:42.855055,133,N/A,0
2025-05-27T15:28:03.749513,134,N/A,0
2025-05-27T16:32:30.941907,135,N/A,0
2025-05-27T17:23:01.846788,136,N/A,0
2025-05-27T18:34:39.458895,137,N/A,0
2025-05-27T19:19:38.443785,138,N/A,0
2025-05-27T20:28:00.983458,139,N/A,0
2025-05-27T21:24:50.088455,140,N/A,0
2025-05-27T22:24:17.388214,141,N/A,0
2025-05-27T23:23:01.239791,142,N/A,0
2025-05-28T02:03:50.510580,143,N/A,0
2025-05-28T03:46:48.407412,144,N/A,0
2025-05-28T04:31:33.529031,145,N/A,0
2025-05-28T05:25:42.975460,146,N/A,0
2025-05-28T06:35:59.246101,147,N/A,0
2025-05-28T07:24:52.519298,148,N/A,0
2025-05-28T08:33:58.971474,149,N/A,0
2025-05-28T09:27:47.355277,150,N/A,0
2025-05-28T10:28:43.320333,151,N/A,0
2025-05-28T11:21:55.156431,152,N/A,0
2025-05-28T12:53:50.572886,153,N/A,0
2025-05-28T13:37:02.375611,154,N/A,0
2025-05-28T14:27:13.618304,155,N/A,0
2025-05-28T15:27:24.497941,156,N/A,0
2025-05-28T16:31:30.096609,157,N/A,0
2025-05-28T17:22:50.510027,158,N/A,0
2025-05-28T18:34:23.893461,159,N/A,0
2025-05-28T19:20:35.354922,160,N/A,0
2025-05-28T20:28:03.919246,161,N/A,0
2025-05-28T21:23:10.166743,162,N/A,0
2025-05-28T22:24:15.751685,163,N/A,0
2025-05-28T23:23:50.238126,164,N/A,0
2025-05-29T02:03:39.679548,165,N/A,0
2025-05-29T03:48:04.408306,166,N/A,0
2025-05-29T04:32:14.991879,167,N/A,0
2025-05-29T05:26:18.083693,168,N/A,0
2025-05-29T06:36:35.944931,169,N/A,0
2025-05-29T07:24:50.670808,170,N/A,0
2025-05-29T08:33:38.634963,171,N/A,0
2025-05-29T09:27:35.967024,172,N/A,0
2025-05-29T10:29:08.703602,173,N/A,0
2025-05-29T11:21:26.442854,174,N/A,0
2025-05-29T12:52:16.549068,175,N/A,0
2025-05-29T13:35:04.467747,176,N/A,0
2025-05-29T14:25:17.337530,177,N/A,0
2025-05-29T15:26:40.603796,178,N/A,0
2025-05-29T16:31:53.415888,179,N/A,0
2025-05-29T17:23:17.923229,180,N/A,0
2025-05-29T18:35:39.675271,181,N/A,0
2025-05-29T19:17:56.674262,182,N/A,0
2025-05-29T20:28:12.998861,183,N/A,0
2025-05-29T21:23:37.842932,184,N/A,0
2025-05-29T22:24:47.407366,185,N/A,0
2025-05-29T23:23:24.274250,186,N/A,0
2025-05-30T02:01:25.395768,187,N/A,0
2025-05-30T03:45:11.831700,188,N/A,0
2025-05-30T04:31:53.805756,189,N/A,0
2025-05-30T05:25:30.903848,190,N/A,0
2025-05-30T06:35:34.188662,191,N/A,0
2025-05-30T07:24:23.145363,192,N/A,0
2025-05-30T08:33:10.885752,193,N/A,0
2025-05-30T09:26:57.093010,194,N/A,0
2025-05-30T10:27:05.734513,195,N/A,0
2025-05-30T11:20:30.382533,196,N/A,0
2025-05-30T12:52:29.211917,197,N/A,0
2025-05-30T13:35:01.935502,198,N/A,0
2025-05-30T14:25:45.856548,199,N/A,0
2025-05-30T15:26:32.702547,200,N/A,0
2025-05-30T16:31:59.597908,201,N/A,0
2025-05-30T17:21:50.133979,202,N/A,0
2025-05-30T18:34:57.214054,203,N/A,0
2025-05-30T19:19:46.500160,204,N/A,0
2025-05-30T20:27:28.442487,205,N/A,0
2025-05-30T21:22:36.972036,206,N/A,0
2025-05-30T22:24:29.008519,207,N/A,0
2025-05-30T23:23:22.988602,208,N/A,0
2025-05-31T02:00:52.810569,209,N/A,0
2025-05-31T03:43:02.724365,210,N/A,0
2025-05-31T04:29:37.349363,211,N/A,0
2025-05-31T05:23:58.956844,212,N/A,0
2025-05-31T06:33:27.001175,213,N/A,0
2025-05-31T07:22:16.420203,214,N/A,0
2025-05-31T08:30:22.061301,215,N/A,0
2025-05-31T09:24:13.381611,216,N/A,0
2025-05-31T10:25:09.789376,217,N/A,0
2025-05-31T11:18:43.073726,218,N/A,0
2025-05-31T12:48:10.215434,219,N/A,0
2025-05-31T13:32:07.735337,220,N/A,0
2025-05-31T14:21:26.248484,221,N/A,0
2025-05-31T15:23:38.044895,222,N/A,0
2025-05-31T16:28:50.552783,223,N/A,0
2025-05-31T17:20:31.416408,224,N/A,0
2025-05-31T18:32:37.048217,225,N/A,0
2025-05-31T19:18:24.619142,226,N/A,0
2025-05-31T20:25:12.192520,227,N/A,0
2025-05-31T21:21:46.361670,228,N/A,0
2025-05-31T22:22:59.907882,229,N/A,0
2025-05-31T23:23:53.539752,230,N/A,0
2025-06-01T02:28:43.813942,231,N/A,0
2025-06-01T04:01:27.906730,232,N/A,0
2025-06-01T05:25:15.996433,233,N/A,0
2025-06-01T06:34:41.836490,234,N/A,0
2025-06-01T07:23:39.489543,235,N/A,0
2025-06-01T08:30:57.177682,236,N/A,0
2025-06-01T09:25:18.867372,237,N/A,0
2025-06-01T10:26:04.147399,238,N/A,0
2025-06-01T11:19:24.196554,239,N/A,0
2025-06-01T12:49:10.651791,240,N/A,0
2025-06-01T13:31:10.148748,241,N/A,0
2025-06-01T14:22:10.948593,242,N/A,0
2025-06-01T15:24:01.052682,243,N/A,0
2025-06-01T16:29:36.816289,244,N/A,0
2025-06-01T17:21:00.693820,245,N/A,0
2025-06-01T18:32:47.898050,246,N/A,0
2025-06-01T19:19:12.801268,247,N/A,0
2025-06-01T20:26:35.062309,248,N/A,0
2025-06-01T21:22:18.204375,249,N/A,0
2025-06-01T22:24:03.458954,250,N/A,0
2025-06-01T23:23:33.776458,251,N/A,0
2025-06-02T02:09:08.155828,252,N/A,0
2025-06-02T03:53:52.113358,253,N/A,0
2025-06-02T04:35:39.273811,254,N/A,0
2025-06-02T05:26:23.727830,255,N/A,0
2025-06-02T06:38:19.814130,256,N/A,0
2025-06-02T07:26:10.450719,257,N/A,0
2025-06-02T08:35:11.807598,258,N/A,0
2025-06-02T09:28:25.714444,259,N/A,0
2025-06-02T10:28:55.464058,260,N/A,0
2025-06-02T11:22:43.898225,261,N/A,0
2025-06-02T12:53:34.935653,262,N/A,0
2025-06-02T13:37:08.532278,263,N/A,0
2025-06-02T14:26:48.746521,264,N/A,0
2025-06-02T15:28:46.312931,265,N/A,0
2025-06-02T16:33:40.282796,266,N/A,0
2025-06-02T17:23:12.188889,267,N/A,0
2025-06-02T18:35:29.482624,268,N/A,0
2025-06-02T19:19:50.662134,269,N/A,0
2025-06-02T20:28:14.283348,270,N/A,0
2025-06-02T21:25:51.392046,271,N/A,0
2025-06-02T22:24:43.417680,272,N/A,0
2025-06-02T23:25:15.064553,273,N/A,0
2025-06-03T02:05:37.720073,274,N/A,0
2025-06-03T03:49:25.708709,275,N/A,0
2025-06-03T04:32:41.017623,276,N/A,0
2025-06-03T05:26:31.537325,277,N/A,0
2025-06-03T06:38:16.232756,278,N/A,0
2025-06-03T07:26:07.742565,279,N/A,0
2025-06-03T08:35:31.455037,280,N/A,0
2025-06-03T09:28:11.726110,281,N/A,0
2025-06-03T10:28:46.623252,282,N/A,0
2025-06-03T11:22:05.132041,283,N/A,0
2025-06-03T12:54:29.845025,284,N/A,0
2025-06-03T13:38:00.746218,285,N/A,0
2025-06-03T14:27:14.077384,286,N/A,0
2025-06-03T15:29:23.419208,287,N/A,0
2025-06-03T16:34:07.495569,288,N/A,0
2025-06-03T17:24:27.067415,289,N/A,0
2025-06-03T18:36:22.089037,290,N/A,0
2025-06-03T19:20:08.483645,291,N/A,0
2025-06-03T20:29:06.296745,292,N/A,0
2025-06-03T21:22:20.207588,293,N/A,0
2025-06-03T22:25:25.492440,294,N/A,0
2025-06-03T23:24:16.655381,295,N/A,0
2025-06-04T02:05:40.652037,296,N/A,0
2025-06-04T03:49:47.128089,297,N/A,0
2025-06-04T04:33:13.173295,298,N/A,0
2025-06-04T05:26:04.468209,299,N/A,0
2025-06-04T06:36:55.686594,300,N/A,0
2025-06-04T07:25:24.121571,301,N/A,0
2025-06-04T08:34:37.673228,302,N/A,0
2025-06-04T09:28:02.073939,303,N/A,0
2025-06-04T10:28:27.011734,304,N/A,0
2025-06-04T11:22:23.076893,305,N/A,0
2025-06-04T12:54:31.217360,306,N/A,0
2025-06-04T13:39:02.369637,307,N/A,0
2025-06-04T14:21:28.967336,308,N/A,0
2025-06-04T15:47:23.892058,309,N/A,0
2025-06-04T16:28:08.310242,310,N/A,0
2025-06-04T17:23:57.314176,311,N/A,0
2025-06-04T18:35:47.618430,312,N/A,0
2025-06-04T19:20:20.792687,313,N/A,0
2025-06-04T20:22:24.110199,314,N/A,0
2025-06-04T21:19:53.184190,315,N/A,0
2025-06-04T22:22:06.548824,316,N/A,0
2025-06-04T23:24:19.135595,317,N/A,0
2025-06-05T02:04:36.563366,318,N/A,0
2025-06-05T03:50:45.318144,319,N/A,0
2025-06-05T04:33:30.032665,320,N/A,0
2025-06-05T05:27:00.495049,321,N/A,0
2025-06-05T06:37:51.215229,322,N/A,0
2025-06-05T07:24:56.184735,323,N/A,0
2025-06-05T08:33:44.836788,324,N/A,0
2025-06-05T09:28:04.833489,325,N/A,0
2025-06-05T10:29:15.544469,326,N/A,0
2025-06-05T11:22:43.616030,327,N/A,0
2025-06-05T12:53:35.327816,328,N/A,0
2025-06-05T13:37:10.115412,329,N/A,0
2025-06-05T14:26:18.959446,330,N/A,0
2025-06-05T15:27:56.720683,331,N/A,0
2025-06-05T16:32:37.821720,332,N/A,0
2025-06-05T17:19:00.041520,333,N/A,0
2025-06-05T19:17:50.771311,334,N/A,0
2025-06-05T20:23:10.475428,335,N/A,0
2025-06-05T21:24:12.263613,336,N/A,0
2025-06-05T22:23:33.022195,337,N/A,0
2025-06-05T23:26:17.061675,338,N/A,0
2025-06-06T02:03:44.103174,339,N/A,0
2025-06-06T03:49:26.852858,340,N/A,0
2025-06-06T04:32:58.070929,341,N/A,0
2025-06-06T05:26:01.964128,342,N/A,0
2025-06-06T06:37:47.389010,343,N/A,0
2025-06-06T07:24:21.161374,344,N/A,0
2025-06-06T08:33:12.871321,345,N/A,0
2025-06-06T09:27:27.379395,346,N/A,0
2025-06-06T10:28:46.218956,347,N/A,0
2025-06-06T11:22:17.455886,348,N/A,0
2025-06-06T12:52:04.206704,349,N/A,0
2025-06-06T13:36:04.603714,350,N/A,0
2025-06-06T14:25:23.621895,351,N/A,0
2025-06-06T15:24:47.980842,352,N/A,0
2025-06-06T16:33:06.630599,353,N/A,0
2025-06-06T17:23:59.665520,354,N/A,0
2025-06-06T18:35:21.889558,355,N/A,0
2025-06-06T19:20:30.075688,356,N/A,0
2025-06-06T20:28:27.215467,357,N/A,0
2025-06-06T21:23:36.251287,358,N/A,0
2025-06-06T22:25:06.408457,359,N/A,0
2025-06-06T23:24:29.307357,360,N/A,0
2025-06-07T02:03:09.736180,361,N/A,0
2025-06-07T03:46:46.943165,362,N/A,0
2025-06-07T04:30:16.456535,363,N/A,0
2025-06-07T05:24:08.151483,364,N/A,0
2025-06-07T06:34:05.072985,365,N/A,0
2025-06-07T07:22:35.182299,366,N/A,0
2025-06-07T08:30:06.355225,367,N/A,0
2025-06-07T09:24:19.127806,368,N/A,0
2025-06-07T10:26:12.314087,369,N/A,0
2025-06-07T11:19:11.912890,370,N/A,0
2025-06-07T12:48:22.905283,371,N/A,0
2025-06-07T13:31:01.493295,372,N/A,0
2025-06-07T14:21:51.045799,373,N/A,0
2025-06-07T15:24:18.129636,374,N/A,0
2025-06-07T16:29:41.503685,375,N/A,0
2025-06-07T17:20:48.905802,376,N/A,0
2025-06-07T18:32:56.446220,377,N/A,0
2025-06-07T19:19:01.073281,378,N/A,0
2025-06-07T20:25:52.613073,379,N/A,0
2025-06-07T21:22:09.253699,380,N/A,0
2025-06-07T22:23:19.736406,381,N/A,0
2025-06-07T23:25:08.670332,382,N/A,0
2025-06-08T02:20:01.082558,383,N/A,0
2025-06-08T03:55:16.796442,384,N/A,0
2025-06-08T04:35:51.242011,385,N/A,0
2025-06-08T05:25:26.406297,386,N/A,0
2025-06-08T06:35:21.702388,387,N/A,0
2025-06-08T07:22:33.710070,388,N/A,0
2025-06-08T08:30:11.584791,389,N/A,0
2025-06-08T09:24:57.778892,390,N/A,0
2025-06-08T10:25:13.125959,391,N/A,0
2025-06-08T11:19:09.843002,392,N/A,0
2025-06-08T12:48:30.585553,393,N/A,0
2025-06-08T13:31:09.132403,394,N/A,0
2025-06-08T14:21:32.401084,395,N/A,0
2025-06-08T15:27:13.213320,396,N/A,0
2025-06-08T16:28:47.630319,397,N/A,0
2025-06-08T17:20:26.900737,398,N/A,0
2025-06-08T18:32:24.206149,399,N/A,0
2025-06-08T19:19:12.237304,400,N/A,0
2025-06-08T20:26:10.443349,401,N/A,0
2025-06-08T21:21:38.463880,402,N/A,0
2025-06-08T22:23:13.941284,403,N/A,0
2025-06-08T23:23:07.917318,404,N/A,0
2025-06-09T02:11:33.188381,405,N/A,0
2025-06-09T03:54:25.234913,406,N/A,0
2025-06-09T04:37:02.663317,407,N/A,0
2025-06-09T05:27:03.150153,408,N/A,0
2025-06-09T06:38:40.986836,409,N/A,0
2025-06-09T07:26:08.326023,410,N/A,0
2025-06-09T08:35:50.144864,411,N/A,0
2025-06-09T09:28:30.152652,412,N/A,0
2025-06-09T10:29:19.078654,413,N/A,0
2025-06-09T11:22:15.097908,414,N/A,0
2025-06-09T12:53:43.785808,415,N/A,0
2025-06-09T13:37:36.068346,416,N/A,0
2025-06-09T14:26:47.166647,417,N/A,0
2025-06-09T15:28:25.671519,418,N/A,0
2025-06-09T16:33:31.507877,419,N/A,0
2025-06-09T17:22:33.726767,420,N/A,0
2025-06-09T18:34:38.344257,421,N/A,0
2025-06-09T19:20:57.499369,422,N/A,0
2025-06-09T20:28:46.922971,423,N/A,0
2025-06-09T21:24:26.106194,424,N/A,0
2025-06-09T22:25:15.228359,425,N/A,0
2025-06-09T23:24:21.920008,426,N/A,0
2025-06-10T02:07:30.013655,427,N/A,0
2025-06-10T03:51:10.215210,428,N/A,0
2025-06-10T04:34:03.819784,429,N/A,0
2025-06-10T05:26:00.764985,430,N/A,0
2025-06-10T06:36:52.697823,431,N/A,0
2025-06-10T07:24:46.963498,432,N/A,0
2025-06-10T08:34:49.877814,433,N/A,0
2025-06-10T09:30:22.249530,434,N/A,0
2025-06-10T10:28:29.721131,435,N/A,0
2025-06-10T11:22:00.993342,436,N/A,0
2025-06-10T12:54:23.117265,437,N/A,0
2025-06-10T13:37:52.854579,438,N/A,0
2025-06-10T14:26:15.845108,439,N/A,0
2025-06-10T15:26:57.085882,440,N/A,0
2025-06-10T16:33:24.156821,441,N/A,0
2025-06-10T17:23:12.747147,442,N/A,0
2025-06-10T18:35:48.861999,443,N/A,0
2025-06-10T19:19:53.328832,444,N/A,0
2025-06-10T20:28:34.698994,445,N/A,0
2025-06-10T21:24:14.018418,446,N/A,0
2025-06-10T22:25:09.794346,447,N/A,0
2025-06-10T23:23:51.085068,448,N/A,0
2025-06-11T02:06:23.480158,449,N/A,0
2025-06-11T03:51:14.429314,450,N/A,0
2025-06-11T04:34:36.374878,451,N/A,0
2025-06-11T05:26:13.385629,452,N/A,0
2025-06-11T06:37:21.812312,453,N/A,0
2025-06-11T07:24:55.153826,454,N/A,0
2025-06-11T08:34:23.399608,455,N/A,0
2025-06-11T09:28:11.882920,456,N/A,0
2025-06-11T10:28:24.394015,457,N/A,0
2025-06-11T11:22:26.849321,458,N/A,0
2025-06-11T12:54:04.436967,459,N/A,0
2025-06-11T13:37:41.643832,460,N/A,0
2025-06-11T14:24:50.208058,461,N/A,0
2025-06-11T15:28:42.892391,462,N/A,0
2025-06-11T16:33:27.300067,463,N/A,0
2025-06-11T17:23:15.089836,464,N/A,0
2025-06-11T18:36:28.861434,465,N/A,0
2025-06-11T19:20:01.134731,466,N/A,0
2025-06-11T19:32:49.681125,467,N/A,0
2025-06-11T20:27:39.454505,468,N/A,0
2025-06-11T21:24:07.698048,469,N/A,0
2025-06-11T22:24:53.677595,470,N/A,0
2025-06-11T23:25:25.843567,471,N/A,0
2025-06-12T02:05:01.153183,472,N/A,0
2025-06-12T03:50:11.848199,473,N/A,0
2025-06-12T04:32:55.720262,474,N/A,0
2025-06-12T05:25:48.723592,475,N/A,0
2025-06-12T06:37:26.025889,476,N/A,0
2025-06-12T07:25:05.749335,477,N/A,0
2025-06-12T08:34:14.447684,478,N/A,0
2025-06-12T09:27:39.692667,479,N/A,0
2025-06-12T10:28:43.221618,480,N/A,0
2025-06-12T11:22:03.653501,481,N/A,0
2025-06-12T12:53:32.751542,482,N/A,0
2025-06-12T13:37:29.987544,483,N/A,0
2025-06-12T14:26:26.170038,484,N/A,0
2025-06-12T15:28:08.539147,485,N/A,0
2025-06-12T16:32:59.598994,486,N/A,0
2025-06-12T17:23:20.257223,487,N/A,0
2025-06-12T18:34:53.435997,488,N/A,0
2025-06-12T19:19:51.059503,489,N/A,0
2025-06-12T20:28:23.532349,490,N/A,0
2025-06-12T21:24:20.314842,491,N/A,0
2025-06-12T22:24:47.590527,492,N/A,0
2025-06-12T23:24:18.255391,493,N/A,0
2025-06-13T02:06:34.770066,494,N/A,0
2025-06-13T03:50:38.115972,495,N/A,0
2025-06-13T04:33:29.434207,496,N/A,0
2025-06-13T05:25:45.226106,497,N/A,0
2025-06-13T06:37:09.239297,498,N/A,0
2025-06-13T07:24:42.830345,499,N/A,0
2025-06-13T08:33:44.253581,500,N/A,0
2025-06-13T09:27:52.901157,501,N/A,0
2025-06-13T10:28:30.145858,502,N/A,0
2025-06-13T11:22:13.613741,503,N/A,0
2025-06-13T12:52:51.648469,504,N/A,0
2025-06-13T13:36:09.315268,505,N/A,0
2025-06-13T14:25:29.908078,506,N/A,0
2025-06-13T15:27:45.169958,507,N/A,0
2025-06-13T16:32:27.994627,508,N/A,0
2025-06-13T17:22:58.352439,509,N/A,0
2025-06-13T18:35:55.468841,510,N/A,0
2025-06-13T19:20:27.732892,511,N/A,0
2025-06-13T20:28:26.467928,512,N/A,0
2025-06-13T21:23:55.073917,513,N/A,0
2025-06-13T22:24:45.426843,514,N/A,0
2025-06-13T23:25:00.166133,515,N/A,0
2025-06-14T02:01:51.839664,516,N/A,0
2025-06-14T03:46:37.907716,517,N/A,0
2025-06-14T04:30:29.226910,518,N/A,0
2025-06-14T05:25:48.166079,519,N/A,0
2025-06-14T06:33:35.573148,520,N/A,0
2025-06-14T07:22:40.300234,521,N/A,0
2025-06-14T08:30:16.834159,522,N/A,0
2025-06-14T09:26:29.577178,523,N/A,0
2025-06-14T10:25:25.043386,524,N/A,0
2025-06-14T11:18:54.485331,525,N/A,0
2025-06-14T12:48:30.158484,526,N/A,0
2025-06-14T13:31:35.803404,527,N/A,0
2025-06-14T14:21:51.956808,528,N/A,0
2025-06-14T15:24:15.126035,529,N/A,0
2025-06-14T16:29:27.267852,530,N/A,0
2025-06-14T17:20:45.616638,531,N/A,0
2025-06-14T18:32:09.107165,532,N/A,0
2025-06-14T19:18:47.422301,533,N/A,0
2025-06-14T20:25:48.119158,534,N/A,0
2025-06-14T21:22:22.003123,535,N/A,0
2025-06-14T22:23:55.864549,536,N/A,0
2025-06-14T23:25:00.015333,537,N/A,0
2025-06-15T02:21:47.654648,538,N/A,0
2025-06-15T03:54:22.532353,539,N/A,0
2025-06-15T04:35:25.201024,540,N/A,0
2025-06-15T05:24:32.730958,541,N/A,0
2025-06-15T06:34:09.074639,542,N/A,0
2025-06-15T07:23:37.982442,543,N/A,0
2025-06-15T08:30:25.085706,544,N/A,0
2025-06-15T09:25:08.281346,545,N/A,0
2025-06-15T10:27:02.174757,546,N/A,0
2025-06-15T11:19:41.470670,547,N/A,0
2025-06-15T12:49:14.477342,548,N/A,0
2025-06-15T13:31:21.832827,549,N/A,0
2025-06-15T14:21:55.036643,550,N/A,0
2025-06-15T15:24:12.620460,551,N/A,0
2025-06-15T16:29:23.256002,552,N/A,0
2025-06-15T17:21:13.614833,553,N/A,0
2025-06-15T18:32:58.778553,554,N/A,0
2025-06-15T19:19:19.646189,555,N/A,0
2025-06-15T20:26:28.323705,556,N/A,0
2025-06-15T21:22:33.528772,557,N/A,0
2025-06-15T22:23:46.719006,558,N/A,0
2025-06-15T23:22:53.021776,559,N/A,0
2025-06-16T02:10:20.547219,560,N/A,0
2025-06-16T03:55:17.239932,561,N/A,0
2025-06-16T04:37:25.436580,562,N/A,0
2025-06-16T05:28:01.260269,563,N/A,0
2025-06-16T06:39:00.812700,564,N/A,0
2025-06-16T07:26:42.167757,565,N/A,0
2025-06-16T08:35:39.841981,566,N/A,0
2025-06-16T09:29:57.325550,567,N/A,0
2025-06-16T10:29:40.170157,568,N/A,0
2025-06-16T11:22:19.915379,569,N/A,0
2025-06-16T12:55:10.775317,570,N/A,0
2025-06-16T13:38:53.031512,571,N/A,0
2025-06-16T14:26:56.581849,572,N/A,0
2025-06-16T15:28:39.500173,573,N/A,0
2025-06-16T16:20:37.337933,574,N/A,0
2025-06-16T16:33:09.359446,575,N/A,0
2025-06-16T17:23:00.425449,576,N/A,0
2025-06-16T18:36:18.840913,577,N/A,0
2025-06-16T19:19:44.668594,578,N/A,0
2025-06-16T20:28:31.463041,579,N/A,0
2025-06-16T21:24:39.328965,580,N/A,0
2025-06-16T22:25:13.189458,581,N/A,0
2025-06-16T23:23:58.845924,582,N/A,0
2025-06-17T02:07:01.363921,583,N/A,0
2025-06-17T03:51:00.930363,584,N/A,0
2025-06-17T04:34:03.644719,585,N/A,0
2025-06-17T05:26:08.892976,586,N/A,0
2025-06-17T06:37:28.114468,587,N/A,0
2025-06-17T07:25:42.055358,588,N/A,0
2025-06-17T08:34:37.603539,589,N/A,0
2025-06-17T09:28:43.391655,590,N/A,0
2025-06-17T10:28:59.759984,591,N/A,0
2025-06-17T11:22:10.568340,592,N/A,0
2025-06-17T12:54:46.012752,593,N/A,0
2025-06-17T13:36:59.796475,594,N/A,0
2025-06-17T14:27:05.393011,595,N/A,0
2025-06-17T15:29:14.937777,596,N/A,0
2025-06-17T16:33:45.627995,597,N/A,0
2025-06-17T17:23:28.982659,598,N/A,0
2025-06-17T18:36:33.002149,599,N/A,0
2025-06-17T19:20:25.398922,600,N/A,0
2025-06-17T20:27:59.788581,601,N/A,0
2025-06-17T21:24:52.377829,602,N/A,0
2025-06-17T22:24:25.170830,603,N/A,0
2025-06-17T23:24:00.271237,604,N/A,0
2025-06-18T02:06:03.679937,605,N/A,0
2025-06-18T03:50:54.248187,606,N/A,0
2025-06-18T04:34:26.508866,607,N/A,0
2025-06-18T05:26:11.644970,608,N/A,0
2025-06-18T06:37:24.524130,609,N/A,0
2025-06-18T07:25:33.252513,610,N/A,0
2025-06-18T08:34:21.851632,611,N/A,0
2025-06-18T09:28:37.793694,612,N/A,0
2025-06-18T10:28:20.143990,613,N/A,0
2025-06-18T11:22:30.554376,614,N/A,0
2025-06-18T12:54:32.636783,615,N/A,0
2025-06-18T13:38:11.033610,616,N/A,0
2025-06-18T14:26:54.058387,617,N/A,0
2025-06-18T15:29:13.483516,618,N/A,0
2025-06-18T16:33:27.141099,619,N/A,0
2025-06-18T17:24:41.246171,620,N/A,0
2025-06-18T18:36:27.714130,621,N/A,0
2025-06-18T19:20:30.947858,622,N/A,0
2025-06-18T20:29:34.199745,623,N/A,0
2025-06-18T21:24:04.972448,624,N/A,0
2025-06-18T22:24:41.912898,625,N/A,0
2025-06-18T23:24:10.233885,626,N/A,0
2025-06-19T02:06:49.345189,627,N/A,0
2025-06-19T03:51:17.688636,628,N/A,0
2025-06-19T04:34:00.167084,629,N/A,0
2025-06-19T05:25:50.453812,630,N/A,0
2025-06-19T06:37:07.553355,631,N/A,0
2025-06-19T07:25:11.706768,632,N/A,0
2025-06-19T08:34:24.113693,633,N/A,0
2025-06-19T09:28:11.833787,634,N/A,0
2025-06-19T10:28:10.830616,635,N/A,0
2025-06-19T11:22:16.234353,636,N/A,0
2025-06-19T12:53:39.297996,637,N/A,0
2025-06-19T13:36:16.995982,638,N/A,0
2025-06-19T14:25:25.384771,639,N/A,0
2025-06-19T15:27:14.852823,640,N/A,0
2025-06-19T16:32:14.121799,641,N/A,0
2025-06-19T17:24:27.898377,642,N/A,0
2025-06-19T18:35:02.165623,643,N/A,0
2025-06-19T19:18:29.135434,644,N/A,0
2025-06-19T20:29:13.799084,645,N/A,0
2025-06-19T21:23:36.652007,646,N/A,0
2025-06-19T22:24:23.877654,647,N/A,0
2025-06-19T23:25:05.232130,648,N/A,0
2025-06-20T02:05:49.422014,649,N/A,0
2025-06-20T03:50:07.508277,650,N/A,0
2025-06-20T04:33:29.040494,651,N/A,0
2025-06-20T05:26:23.607231,652,N/A,0
2025-06-20T06:37:06.590053,653,N/A,0
2025-06-20T07:24:47.462059,654,N/A,0
2025-06-20T08:33:54.002653,655,N/A,0
2025-06-20T09:27:34.219132,656,N/A,0
2025-06-20T10:28:03.291584,657,N/A,0
2025-06-20T11:21:59.213749,658,N/A,0
2025-06-20T12:53:19.561511,659,N/A,0
2025-06-20T13:35:37.082325,660,N/A,0
2025-06-20T14:25:03.632935,661,N/A,0
2025-06-20T15:26:46.976380,662,N/A,0
2025-06-20T16:31:49.036130,663,N/A,0
2025-06-20T17:22:50.970388,664,N/A,0
2025-06-20T18:35:31.036521,665,N/A,0
2025-06-20T19:20:10.811266,666,N/A,0
2025-06-20T20:27:45.564184,667,N/A,0
2025-06-20T21:22:57.245301,668,N/A,0
2025-06-20T22:24:41.021259,669,N/A,0
2025-06-20T23:24:56.698411,670,N/A,0
2025-06-21T02:03:30.144876,671,N/A,0
2025-06-21T03:47:53.734204,672,N/A,0
2025-06-21T04:30:51.955913,673,N/A,0
2025-06-21T05:24:40.292134,674,N/A,0
2025-06-21T06:34:18.108393,675,N/A,0
2025-06-21T07:23:00.424673,676,N/A,0
2025-06-21T08:30:54.101049,677,N/A,0
2025-06-21T09:25:55.084128,678,N/A,0
2025-06-21T10:26:21.770943,679,N/A,0
2025-06-21T11:21:34.037609,680,N/A,0
2025-06-21T12:48:52.829845,681,N/A,0
2025-06-21T13:31:31.392505,682,N/A,0
2025-06-21T14:23:29.992695,683,N/A,0
2025-06-21T15:24:18.867883,684,N/A,0
2025-06-21T16:30:02.468610,685,N/A,0
2025-06-21T17:21:17.903693,686,N/A,0
2025-06-21T18:32:28.750151,687,N/A,0
2025-06-21T19:19:33.153487,688,N/A,0
2025-06-21T20:25:44.795071,689,N/A,0
2025-06-21T21:22:09.367633,690,N/A,0
2025-06-21T22:23:29.221302,691,N/A,0
2025-06-21T23:23:24.264324,692,N/A,0
2025-06-22T02:21:41.083881,693,N/A,0
2025-06-22T03:55:48.475146,694,N/A,0
2025-06-22T04:36:54.772611,695,N/A,0
2025-06-22T05:25:08.439590,696,N/A,0
2025-06-22T06:34:54.710809,697,N/A,0
2025-06-22T07:23:56.984544,698,N/A,0
2025-06-22T08:31:10.967024,699,N/A,0
2025-06-22T09:25:16.347195,700,N/A,0
2025-06-22T10:25:38.405105,701,N/A,0
2025-06-22T11:19:41.666374,702,N/A,0
2025-06-22T12:48:55.638419,703,N/A,0
2025-06-22T13:31:30.911207,704,N/A,0
2025-06-22T14:22:33.474027,705,N/A,0
2025-06-22T15:24:22.646129,706,N/A,0
2025-06-22T16:29:33.726821,707,N/A,0
2025-06-22T17:23:42.817313,708,N/A,0
2025-06-22T18:33:26.672572,709,N/A,0
2025-06-22T19:19:28.766884,710,N/A,0
2025-06-22T20:26:18.027877,711,N/A,0
2025-06-22T21:22:37.934304,712,N/A,0
2025-06-22T22:23:38.423080,713,N/A,0
2025-06-22T23:24:01.247960,714,N/A,0
2025-06-23T02:19:51.022426,715,N/A,0
2025-06-23T03:57:34.194146,716,N/A,0
2025-06-23T04:40:51.760983,717,N/A,0
2025-06-23T05:28:07.685358,718,N/A,0
2025-06-23T06:39:21.007850,719,N/A,0
2025-06-23T07:26:35.401532,720,N/A,0
2025-06-23T08:35:42.896957,721,N/A,0
2025-06-23T09:30:25.008088,722,N/A,0
2025-06-23T10:29:42.004915,723,N/A,0
2025-06-23T11:23:19.068042,724,N/A,0
2025-06-23T12:55:31.491338,725,N/A,0
2025-06-23T13:39:53.537155,726,N/A,0
2025-06-23T14:27:03.565210,727,N/A,0
2025-06-23T15:28:59.683309,728,N/A,0
2025-06-23T16:33:52.073322,729,N/A,0
2025-06-23T17:23:59.832508,730,N/A,0
2025-06-23T17:26:52.556391,731,N/A,0
2025-06-23T18:36:32.048900,732,N/A,0
2025-06-23T19:20:31.283488,733,N/A,0
2025-06-23T20:28:55.044444,734,N/A,0
2025-06-23T21:24:37.733281,735,N/A,0
2025-06-23T22:26:00.651476,736,N/A,0
2025-06-23T23:21:35.521139,737,N/A,0
2025-06-24T02:07:40.388045,738,N/A,0
2025-06-24T03:52:01.543412,739,N/A,0
2025-06-24T04:35:18.522276,740,N/A,0
2025-06-24T05:27:18.415928,741,N/A,0
2025-06-24T06:38:17.587945,742,N/A,0
2025-06-24T07:26:14.969939,743,N/A,0
2025-06-24T08:35:20.693912,744,N/A,0
2025-06-24T09:29:16.032039,745,N/A,0
2025-06-24T10:29:04.043402,746,N/A,0
2025-06-24T11:22:32.987484,747,N/A,0
2025-06-24T12:54:33.244850,748,N/A,0
2025-06-24T13:38:37.905839,749,N/A,0
2025-06-24T14:27:18.295941,750,N/A,0
2025-06-24T15:29:07.272023,751,N/A,0
2025-06-24T16:33:42.736432,752,N/A,0
2025-06-24T17:25:08.742802,753,N/A,0
2025-06-24T18:36:24.298146,754,N/A,0
2025-06-24T19:20:36.992152,755,N/A,0
2025-06-24T20:28:56.634075,756,N/A,0
2025-06-24T21:24:51.616173,757,N/A,0
2025-06-24T22:25:09.586611,758,N/A,0
2025-06-24T23:24:41.034404,759,N/A,0
2025-06-25T02:07:51.352415,760,N/A,0
2025-06-25T03:53:53.595079,761,N/A,0
2025-06-25T04:35:40.253929,762,N/A,0
2025-06-25T05:26:58.261808,763,N/A,0
2025-06-25T06:38:26.214585,764,N/A,0
2025-06-25T07:26:03.549090,765,N/A,0
2025-06-25T08:35:34.829942,766,N/A,0
2025-06-25T09:30:06.703879,767,N/A,0
2025-06-25T10:29:15.281784,768,N/A,0
2025-06-25T11:22:50.775248,769,N/A,0
2025-06-25T12:55:20.317422,770,N/A,0
2025-06-25T13:39:36.357732,771,N/A,0
2025-06-25T14:26:43.767416,772,N/A,0
2025-06-25T15:29:41.874146,773,N/A,0
2025-06-25T16:34:16.801630,774,N/A,0
2025-06-25T17:24:25.003542,775,N/A,0
2025-06-25T18:37:14.955350,776,N/A,0
2025-06-25T19:18:42.673520,777,N/A,0
2025-06-25T20:29:13.532728,778,N/A,0
2025-06-25T21:24:53.086787,779,N/A,0
2025-06-25T22:25:03.662827,780,N/A,0
2025-06-25T23:24:37.192454,781,N/A,0
2025-06-26T02:07:01.765946,782,N/A,0
2025-06-26T03:51:50.519135,783,N/A,0
2025-06-26T04:35:37.984912,784,N/A,0
2025-06-26T05:27:00.271277,785,N/A,0
2025-06-26T06:38:28.530401,786,N/A,0
2025-06-26T07:25:53.241756,787,N/A,0
2025-06-26T08:34:56.828442,788,N/A,0
2025-06-26T09:28:30.387567,789,N/A,0
2025-06-26T10:28:26.739767,790,N/A,0
2025-06-26T11:22:33.461597,791,N/A,0
2025-06-26T12:54:42.301129,792,N/A,0
2025-06-26T13:37:16.557720,793,N/A,0
2025-06-26T14:26:00.273592,794,N/A,0
2025-06-26T15:27:57.761779,795,N/A,0
2025-06-26T16:32:45.590574,796,N/A,0
2025-06-26T17:23:27.783237,797,N/A,0
2025-06-26T18:36:12.132845,798,N/A,0
2025-06-26T19:20:50.498831,799,N/A,0
2025-06-26T20:28:44.826170,800,N/A,0
2025-06-26T21:24:50.062908,801,N/A,0
2025-06-26T22:24:57.121364,802,N/A,0
2025-06-26T23:24:33.881871,803,N/A,0
2025-06-27T02:07:45.756177,804,N/A,0
2025-06-27T03:52:14.833062,805,N/A,0
2025-06-27T04:34:47.417570,806,N/A,0
2025-06-27T05:26:29.762903,807,N/A,0
2025-06-27T06:37:52.436773,808,N/A,0
2025-06-27T07:25:13.398217,809,N/A,0
2025-06-27T08:34:31.752362,810,N/A,0
2025-06-27T09:27:47.908450,811,N/A,0
2025-06-27T10:28:26.867837,812,N/A,0
2025-06-27T11:22:16.369458,813,N/A,0
2025-06-27T12:53:14.393281,814,N/A,0
2025-06-27T13:35:41.003541,815,N/A,0
2025-06-27T14:25:27.311742,816,N/A,0
2025-06-27T15:27:23.017077,817,N/A,0
2025-06-27T16:32:11.172386,818,N/A,0
2025-06-27T17:22:59.452517,819,N/A,0
2025-06-27T18:35:38.173715,820,N/A,0
2025-06-27T19:18:36.534948,821,N/A,0
2025-06-27T20:28:04.504693,822,N/A,0
2025-06-27T21:21:38.548537,823,N/A,0
2025-06-27T22:26:31.006772,824,N/A,0
2025-06-27T23:25:14.053552,825,N/A,0
2025-06-28T02:03:10.952233,826,N/A,0
2025-06-28T03:47:50.392354,827,N/A,0
2025-06-28T04:31:41.783664,828,N/A,0
2025-06-28T05:25:45.514943,829,N/A,0
2025-06-28T06:34:25.277934,830,N/A,0
2025-06-28T07:23:07.460126,831,N/A,0
2025-06-28T08:30:49.797105,832,N/A,0
2025-06-28T09:27:56.714721,833,N/A,0
2025-06-28T10:25:38.847982,834,N/A,0
2025-06-28T11:20:13.930855,835,N/A,0
2025-06-28T12:49:24.666516,836,N/A,0
2025-06-28T13:31:43.404733,837,N/A,0
2025-06-28T14:22:19.199149,838,N/A,0
2025-06-28T15:24:26.817261,839,N/A,0
2025-06-28T16:30:05.679930,840,N/A,0
2025-06-28T17:21:20.537065,841,N/A,0
2025-06-28T18:33:17.570271,842,N/A,0
2025-06-28T19:19:21.126633,843,N/A,0
2025-06-28T20:26:20.916132,844,N/A,0
2025-06-28T21:22:41.032566,845,N/A,0
2025-06-28T22:23:50.461401,846,N/A,0
2025-06-28T23:23:42.799288,847,N/A,0
2025-06-29T02:24:12.825772,848,N/A,0
2025-06-29T03:59:10.906913,849,N/A,0
2025-06-29T04:44:59.260576,850,N/A,0
2025-06-29T05:27:42.831294,851,N/A,0
2025-06-29T06:35:58.789006,852,N/A,0
2025-06-29T07:24:02.713588,853,N/A,0
2025-06-29T08:31:29.959518,854,N/A,0
2025-06-29T09:25:33.001440,855,N/A,0
2025-06-29T10:28:24.096169,856,N/A,0
2025-06-29T11:19:52.415704,857,N/A,0
2025-06-29T12:49:59.825063,858,N/A,0
2025-06-29T13:32:23.099961,859,N/A,0
2025-06-29T14:22:33.304006,860,N/A,0
2025-06-29T15:24:46.688055,861,N/A,0
2025-06-29T16:29:59.687483,862,N/A,0
2025-06-29T17:21:31.912127,863,N/A,0
2025-06-29T18:33:34.726510,864,N/A,0
2025-06-29T19:19:30.956013,865,N/A,0
2025-06-29T20:26:46.296752,866,N/A,0
2025-06-29T21:22:54.054564,867,N/A,0
2025-06-29T22:24:03.135186,868,N/A,0
2025-06-29T23:23:43.333522,869,N/A,0
2025-06-30T02:18:52.423430,870,N/A,0
2025-06-30T03:57:15.698605,871,N/A,0
2025-06-30T04:40:03.440020,872,N/A,0
2025-06-30T05:28:52.391059,873,N/A,0
2025-06-30T06:39:07.178370,874,N/A,0
2025-06-30T07:26:59.813309,875,N/A,0
2025-06-30T08:35:38.273563,876,N/A,0
2025-06-30T09:30:03.250848,877,N/A,0
2025-06-30T10:29:07.015547,878,N/A,0
2025-06-30T11:22:13.759586,879,N/A,0
2025-06-30T12:54:30.996261,880,N/A,0
2025-06-30T13:37:45.679734,881,N/A,0
2025-06-30T14:26:09.806993,882,N/A,0
2025-06-30T15:28:42.097172,883,N/A,0
2025-06-30T16:33:34.681772,884,N/A,0
2025-06-30T17:23:03.233113,885,N/A,0
2025-06-30T18:36:14.042367,886,N/A,0
2025-06-30T19:19:49.156603,887,N/A,0
2025-06-30T20:27:52.501240,888,N/A,0
2025-06-30T21:23:56.463819,889,N/A,0
2025-06-30T22:25:30.802213,890,N/A,0
2025-06-30T23:24:21.009346,891,N/A,0
2025-07-01T02:25:09.547356,892,N/A,0
2025-07-01T04:02:36.976109,893,N/A,0
2025-07-01T05:29:16.688225,894,N/A,0
2025-07-01T06:38:57.067522,895,N/A,0
2025-07-01T07:27:08.888543,896,N/A,0
2025-07-01T08:35:17.689074,897,N/A,0
2025-07-01T09:29:59.908414,898,N/A,0
2025-07-01T10:29:38.210661,899,N/A,0
2025-07-01T11:22:34.077630,900,N/A,0
2025-07-01T12:54:37.520614,901,N/A,0
2025-07-01T13:37:56.322580,902,N/A,0
2025-07-01T14:25:40.572892,903,N/A,0
2025-07-01T15:28:04.617128,904,N/A,0
2025-07-01T16:33:26.461077,905,N/A,0
2025-07-01T17:25:47.986072,906,N/A,0
2025-07-01T18:36:01.002035,907,N/A,0
2025-07-01T19:20:08.041949,908,N/A,0
2025-07-01T20:28:45.371674,909,N/A,0
2025-07-01T21:24:38.186027,910,N/A,0
2025-07-01T22:25:01.628197,911,N/A,0
2025-07-01T23:24:36.863654,912,N/A,0
2025-07-02T02:07:25.179837,913,N/A,0
2025-07-02T03:53:32.603908,914,N/A,0
2025-07-02T04:35:38.997820,915,N/A,0
2025-07-02T05:28:54.602851,916,N/A,0
2025-07-02T06:38:31.092942,917,N/A,0
2025-07-02T07:25:52.994077,918,N/A,0
2025-07-02T08:35:05.408831,919,N/A,0
2025-07-02T09:30:07.672872,920,N/A,0
2025-07-02T10:29:03.908756,921,N/A,0
2025-07-02T11:22:44.429948,922,N/A,0
2025-07-02T12:54:27.250242,923,N/A,0
2025-07-02T13:37:12.737889,924,N/A,0
2025-07-02T14:26:10.481841,925,N/A,0
2025-07-02T15:28:19.682500,926,N/A,0
2025-07-02T16:33:02.930490,927,N/A,0
2025-07-02T17:24:07.270905,928,N/A,0
2025-07-02T18:36:30.870139,929,N/A,0
2025-07-02T19:20:20.424929,930,N/A,0
2025-07-02T20:27:10.365890,931,N/A,0
2025-07-02T21:24:59.851729,932,N/A,0
2025-07-02T22:24:54.794043,933,N/A,0
2025-07-02T23:25:44.013164,934,N/A,0
2025-07-03T02:07:40.856689,935,N/A,0
2025-07-03T03:56:00.364226,936,N/A,0
2025-07-03T04:38:42.390407,937,N/A,0
2025-07-03T05:29:11.873028,938,N/A,0
2025-07-03T06:38:30.418862,939,N/A,0
2025-07-03T07:25:38.386689,940,N/A,0
2025-07-03T08:34:14.247803,941,N/A,0
2025-07-03T09:28:33.510435,942,N/A,0
2025-07-03T10:28:52.580090,943,N/A,0
2025-07-03T11:22:56.307884,944,N/A,0
2025-07-03T12:52:38.935814,945,N/A,0
2025-07-03T13:36:30.690635,946,N/A,0
2025-07-03T14:25:45.690109,947,N/A,0
2025-07-03T15:28:04.750016,948,N/A,0
2025-07-03T16:32:22.763833,949,N/A,0
2025-07-03T17:25:05.157334,950,N/A,0
2025-07-03T18:36:09.556656,951,N/A,0
2025-07-03T19:20:06.091148,952,N/A,0
2025-07-03T20:27:42.887289,953,N/A,0
2025-07-03T21:23:59.354972,954,N/A,0
2025-07-03T22:24:42.853918,955,N/A,0
2025-07-03T23:24:44.155782,956,N/A,0
2025-07-04T02:07:03.839346,957,N/A,0
2025-07-04T03:52:26.638549,958,N/A,0
2025-07-04T04:35:34.822147,959,N/A,0
2025-07-04T05:28:29.939377,960,N/A,0
2025-07-04T06:38:25.538633,961,N/A,0
2025-07-04T07:26:25.710681,962,N/A,0
2025-07-04T08:34:15.897577,963,N/A,0
2025-07-04T09:28:18.995529,964,N/A,0
2025-07-04T10:28:18.349851,965,N/A,0
2025-07-04T11:22:55.642857,966,N/A,0
2025-07-04T12:53:11.416041,967,N/A,0
2025-07-04T13:35:45.817348,968,N/A,0
2025-07-04T14:25:12.049520,969,N/A,0
2025-07-04T15:26:33.009492,970,N/A,0
2025-07-04T16:31:38.006296,971,N/A,0
2025-07-04T17:22:29.428291,972,N/A,0
2025-07-04T18:34:58.760825,973,N/A,0
2025-07-04T19:20:53.036406,974,N/A,0
2025-07-04T20:27:16.577188,975,N/A,0
2025-07-04T21:23:47.956363,976,N/A,0
2025-07-04T22:25:05.359209,977,N/A,0
2025-07-04T23:24:05.460859,978,N/A,0
2025-07-05T02:03:01.386777,979,N/A,0
2025-07-05T03:49:09.768313,980,N/A,0
2025-07-05T04:32:39.741933,981,N/A,0
2025-07-05T05:25:23.880277,982,N/A,0
2025-07-05T06:34:49.245046,983,N/A,0
2025-07-05T07:23:25.658195,984,N/A,0
2025-07-05T08:31:43.894733,985,N/A,0
2025-07-05T09:25:15.126799,986,N/A,0
2025-07-05T10:25:39.719013,987,N/A,0
2025-07-05T11:19:52.005652,988,N/A,0
2025-07-05T12:49:36.952093,989,N/A,0
2025-07-05T13:31:54.238655,990,N/A,0
2025-07-05T14:24:20.318917,991,N/A,0
2025-07-05T15:24:42.639267,992,N/A,0
2025-07-05T16:29:43.629661,993,N/A,0
2025-07-05T17:22:22.181134,994,N/A,0
2025-07-05T18:32:34.783799,995,N/A,0
2025-07-05T19:19:32.184505,996,N/A,0
2025-07-05T20:26:16.852438,997,N/A,0
2025-07-05T21:23:27.623220,998,N/A,0
2025-07-05T22:23:34.120605,999,N/A,0
2025-07-05T23:24:37.366478,1000,N/A,0
2025-07-06T02:22:46.591410,1001,N/A,0
2025-07-06T03:57:31.909434,1002,N/A,0
2025-07-06T04:39:31.479796,1003,N/A,0
2025-07-06T05:25:56.823109,1004,N/A,0
2025-07-06T06:35:49.843178,1005,N/A,0
2025-07-06T07:23:02.616965,1006,N/A,0
2025-07-06T08:30:57.140248,1007,N/A,0
2025-07-06T09:25:14.465428,1008,N/A,0
2025-07-06T10:26:22.149924,1009,N/A,0
2025-07-06T11:20:58.375375,1010,N/A,0
2025-07-06T12:50:09.012467,1011,N/A,0
2025-07-06T13:32:26.554080,1012,N/A,0
2025-07-06T14:22:56.304004,1013,N/A,0
2025-07-06T15:24:50.209555,1014,N/A,0
2025-07-06T16:30:17.499667,1015,N/A,0
2025-07-06T17:22:05.471146,1016,N/A,0
2025-07-06T18:33:35.222624,1017,N/A,0
2025-07-06T19:20:02.438620,1018,N/A,0
2025-07-06T20:27:20.269440,1019,N/A,0
2025-07-06T21:23:04.180098,1020,N/A,0
2025-07-06T22:25:28.957870,1021,N/A,0
2025-07-06T23:24:06.913935,1022,N/A,0
2025-07-07T02:19:27.053784,1023,N/A,0
2025-07-07T03:57:38.443532,1024,N/A,0
2025-07-07T04:41:09.225627,1025,N/A,0
2025-07-07T05:29:35.552713,1026,N/A,0
2025-07-07T06:39:48.080133,1027,N/A,0
2025-07-07T07:26:54.935820,1028,N/A,0
2025-07-07T08:36:30.038226,1029,N/A,0
2025-07-07T09:30:27.468442,1030,N/A,0
2025-07-07T10:29:30.236907,1031,N/A,0
2025-07-07T11:22:30.652208,1032,N/A,0
2025-07-07T12:54:58.742723,1033,N/A,0
2025-07-07T13:38:02.122214,1034,N/A,0
2025-07-07T14:26:26.464045,1035,N/A,0
2025-07-07T15:27:29.205286,1036,N/A,0
2025-07-07T16:33:47.697483,1037,N/A,0
2025-07-07T17:24:01.043437,1038,N/A,0
2025-07-07T18:36:36.341480,1039,N/A,0
2025-07-07T19:21:39.638770,1040,N/A,0
2025-07-07T20:29:01.677748,1041,N/A,0
2025-07-07T21:24:14.384273,1042,N/A,0
2025-07-07T22:25:40.804189,1043,N/A,0
2025-07-07T23:24:40.847405,1044,N/A,0
2025-07-08T02:08:21.733661,1045,N/A,0
2025-07-08T03:53:34.398118,1046,N/A,0
2025-07-08T04:35:46.596218,1047,N/A,0
2025-07-08T05:27:20.936981,1048,N/A,0
2025-07-08T06:38:45.444751,1049,N/A,0
2025-07-08T07:26:05.276969,1050,N/A,0
2025-07-08T08:35:12.276677,1051,N/A,0
2025-07-08T09:29:22.153673,1052,N/A,0
2025-07-08T10:28:54.656465,1053,N/A,0
2025-07-08T11:23:07.579362,1054,N/A,0
2025-07-08T12:54:54.916439,1055,N/A,0
2025-07-08T13:40:19.119478,1056,N/A,0
2025-07-08T14:25:37.570416,1057,N/A,0
2025-07-08T15:28:41.243247,1058,N/A,0
2025-07-08T16:34:09.969680,1059,N/A,0
2025-07-08T17:24:00.377981,1060,N/A,0
2025-07-08T18:04:29.665001,1061,N/A,0
2025-07-08T18:37:20.331889,1062,N/A,0
2025-07-08T19:20:44.850339,1063,N/A,0
2025-07-08T20:29:08.664294,1064,N/A,0
2025-07-08T21:25:12.794067,1065,N/A,0
2025-07-08T22:25:37.237819,1066,N/A,0
2025-07-08T23:25:24.703098,1067,N/A,0
2025-07-09T02:09:54.177860,1068,N/A,0
2025-07-09T03:56:25.410412,1069,N/A,0
2025-07-09T04:40:13.072886,1070,N/A,0
2025-07-09T05:30:38.834349,1071,N/A,0
2025-07-09T06:39:03.454523,1072,N/A,0
2025-07-09T07:26:35.762992,1073,N/A,0
2025-07-09T08:35:31.788526,1074,N/A,0
2025-07-09T09:30:24.619289,1075,N/A,0
2025-07-09T10:29:45.273736,1076,N/A,0
2025-07-09T11:23:10.756712,1077,N/A,0
2025-07-09T12:54:52.125995,1078,N/A,0
2025-07-09T13:38:26.116480,1079,N/A,0
2025-07-09T14:26:27.435318,1080,N/A,0
2025-07-09T15:28:57.889201,1081,N/A,0
2025-07-09T16:33:22.888681,1082,N/A,0
2025-07-09T17:25:15.804678,1083,N/A,0
2025-07-09T18:37:45.535296,1084,N/A,0
2025-07-09T19:21:11.638470,1085,N/A,0
2025-07-09T20:29:02.987003,1086,N/A,0
2025-07-09T21:25:06.741135,1087,N/A,0
2025-07-09T22:25:50.348268,1088,N/A,0
2025-07-09T23:25:33.234162,1089,N/A,0
2025-07-10T02:09:57.940870,1090,N/A,0
2025-07-10T03:55:49.690506,1091,N/A,0
2025-07-10T04:38:28.106620,1092,N/A,0
2025-07-10T05:29:15.455136,1093,N/A,0
2025-07-10T06:39:26.058128,1094,N/A,0
2025-07-10T07:26:41.612352,1095,N/A,0
2025-07-10T08:35:15.888194,1096,N/A,0
2025-07-10T09:30:09.376933,1097,N/A,0
2025-07-10T10:29:49.899159,1098,N/A,0
2025-07-10T11:23:02.117696,1099,N/A,0
2025-07-10T12:55:40.539893,1100,N/A,0
2025-07-10T13:40:02.413533,1101,N/A,0
2025-07-10T14:27:11.397043,1102,N/A,0
2025-07-10T15:30:33.014679,1103,N/A,0
2025-07-10T16:34:17.782328,1104,N/A,0
2025-07-10T17:25:46.537865,1105,N/A,0
2025-07-10T18:37:04.671551,1106,N/A,0
2025-07-10T19:21:14.332017,1107,N/A,0
2025-07-10T20:29:27.296614,1108,N/A,0
2025-07-10T21:26:08.768619,1109,N/A,0
2025-07-10T22:25:15.390379,1110,N/A,0
2025-07-10T23:25:22.863421,1111,N/A,0
2025-07-11T02:18:46.682370,1112,N/A,0
2025-07-11T04:01:01.272417,1113,N/A,0
2025-07-11T05:29:13.492278,1114,N/A,0
2025-07-11T06:39:03.526403,1115,N/A,0
2025-07-11T07:27:08.333640,1116,N/A,0
2025-07-11T08:35:16.288871,1117,N/A,0
2025-07-11T09:29:03.637943,1118,N/A,0
2025-07-11T10:28:56.833824,1119,N/A,0
2025-07-11T11:23:13.845048,1120,N/A,0
2025-07-11T12:54:21.161176,1121,N/A,0
2025-07-11T13:37:20.360612,1122,N/A,0
2025-07-11T14:26:43.702021,1123,N/A,0
2025-07-11T15:28:38.031419,1124,N/A,0
2025-07-11T16:33:21.349591,1125,N/A,0
2025-07-11T17:24:15.196376,1126,N/A,0
2025-07-11T18:36:54.358273,1127,N/A,0
2025-07-11T19:22:17.865701,1128,N/A,0
2025-07-11T20:29:15.503669,1129,N/A,0
2025-07-11T21:25:22.184135,1130,N/A,0
2025-07-11T22:26:28.230245,1131,N/A,0
2025-07-11T23:25:25.412212,1132,N/A,0
2025-07-12T02:19:11.340800,1133,N/A,0
2025-07-12T03:56:16.713379,1134,N/A,0
2025-07-12T04:37:49.353228,1135,N/A,0
2025-07-12T05:26:36.587358,1136,N/A,0
2025-07-12T06:36:22.438899,1137,N/A,0
2025-07-12T07:24:23.288188,1138,N/A,0
2025-07-12T08:31:27.752957,1139,N/A,0
2025-07-12T09:26:01.986451,1140,N/A,0
2025-07-12T10:26:15.502544,1141,N/A,0
2025-07-12T11:21:28.598420,1142,N/A,0
2025-07-12T12:50:43.696498,1143,N/A,0
2025-07-12T13:33:01.129835,1144,N/A,0
2025-07-12T14:23:46.831633,1145,N/A,0
2025-07-12T15:25:44.865969,1146,N/A,0
2025-07-12T16:31:04.004348,1147,N/A,0
2025-07-12T17:21:56.641535,1148,N/A,0
2025-07-12T18:34:27.822893,1149,N/A,0
2025-07-12T19:19:52.175134,1150,N/A,0
2025-07-12T20:27:08.458540,1151,N/A,0
2025-07-12T21:23:24.647892,1152,N/A,0
2025-07-12T22:24:47.489071,1153,N/A,0
2025-07-12T23:26:52.269224,1154,N/A,0
2025-07-13T02:27:37.641921,1155,N/A,0
2025-07-13T04:03:17.372839,1156,N/A,0
2025-07-13T05:27:48.874307,1157,N/A,0
2025-07-13T06:37:06.427991,1158,N/A,0
2025-07-13T07:26:24.839635,1159,N/A,0
2025-07-13T08:31:39.989280,1160,N/A,0
2025-07-13T09:28:20.990980,1161,N/A,0
2025-07-13T10:28:25.964366,1162,N/A,0
2025-07-13T11:21:12.317789,1163,N/A,0
2025-07-13T12:51:16.958375,1164,N/A,0
2025-07-13T13:33:43.955397,1165,N/A,0
2025-07-13T14:23:28.028815,1166,N/A,0
2025-07-13T15:25:27.989217,1167,N/A,0
2025-07-13T16:30:48.139274,1168,N/A,0
2025-07-13T17:21:51.666873,1169,N/A,0
2025-07-13T18:34:20.374109,1170,N/A,0
2025-07-13T19:20:30.394261,1171,N/A,0
2025-07-13T20:26:55.906828,1172,N/A,0
2025-07-13T21:23:23.341469,1173,N/A,0
2025-07-13T22:25:25.975831,1174,N/A,0
2025-07-13T23:25:49.884515,1175,N/A,0
2025-07-14T02:22:57.116664,1176,N/A,0
2025-07-14T04:05:34.561436,1177,N/A,0
2025-07-14T05:31:42.816623,1178,N/A,0
2025-07-14T06:41:15.406741,1179,N/A,0
2025-07-14T07:29:31.285636,1180,N/A,0
2025-07-14T08:38:47.445902,1181,N/A,0
2025-07-14T09:34:49.487618,1182,N/A,0
2025-07-14T10:30:12.532396,1183,N/A,0
2025-07-14T11:24:06.926010,1184,N/A,0
2025-07-14T12:56:31.903795,1185,N/A,0
2025-07-14T13:41:37.463583,1186,N/A,0
2025-07-14T14:27:55.788117,1187,N/A,0
2025-07-14T15:30:02.709394,1188,N/A,0
2025-07-14T16:34:43.421410,1189,N/A,0
2025-07-14T17:25:41.241494,1190,N/A,0
2025-07-14T18:40:06.242641,1191,N/A,0
2025-07-14T19:20:40.942619,1192,N/A,0
2025-07-14T20:29:47.275401,1193,N/A,0
2025-07-14T21:26:16.033699,1194,N/A,0
2025-07-14T22:26:37.964521,1195,N/A,0
2025-07-14T23:25:06.935010,1196,N/A,0
2025-07-15T02:22:38.815194,1197,N/A,0
2025-07-15T04:02:31.741933,1198,N/A,0
2025-07-15T05:31:00.627440,1199,N/A,0
2025-07-15T06:40:28.601378,1200,N/A,0
2025-07-15T07:28:20.149523,1201,N/A,0
2025-07-15T08:36:35.348059,1202,N/A,0
2025-07-15T09:34:42.192671,1203,N/A,0
2025-07-15T10:29:55.471431,1204,N/A,0
2025-07-15T11:23:58.876040,1205,N/A,0
2025-07-15T12:56:45.132502,1206,N/A,0
2025-07-15T13:42:29.231158,1207,N/A,0
2025-07-15T14:26:07.388562,1208,N/A,0
2025-07-15T15:28:43.278674,1209,N/A,0
2025-07-15T16:34:59.979597,1210,N/A,0
2025-07-15T17:25:16.336540,1211,N/A,0
2025-07-15T18:39:59.140703,1212,N/A,0
2025-07-15T19:22:35.558243,1213,N/A,0
2025-07-15T20:30:00.091506,1214,N/A,0
2025-07-15T21:25:48.644779,1215,N/A,0
2025-07-15T22:27:07.675803,1216,N/A,0
2025-07-15T23:25:36.789199,1217,N/A,0
2025-07-16T02:19:15.261975,1218,N/A,0
2025-07-16T04:00:54.831135,1219,N/A,0
2025-07-16T05:32:26.323050,1220,N/A,0
2025-07-16T06:40:14.857963,1221,N/A,0
2025-07-16T07:27:32.752910,1222,N/A,0
2025-07-16T08:36:12.851414,1223,N/A,0
2025-07-16T09:32:50.172146,1224,N/A,0
2025-07-16T10:30:51.022423,1225,N/A,0
2025-07-16T11:24:09.216637,1226,N/A,0
2025-07-16T12:57:27.265063,1227,N/A,0
2025-07-16T13:44:35.004856,1228,N/A,0
2025-07-16T14:26:19.817298,1229,N/A,0
2025-07-16T15:30:42.329390,1230,N/A,0
2025-07-16T16:35:21.764468,1231,N/A,0
2025-07-16T17:26:49.862234,1232,N/A,0
2025-07-16T18:38:53.909789,1233,N/A,0
2025-07-16T19:22:21.566656,1234,N/A,0
2025-07-16T20:30:20.989229,1235,N/A,0
2025-07-16T21:26:28.249837,1236,N/A,0
2025-07-16T22:26:40.334457,1237,N/A,0
2025-07-16T23:26:28.568907,1238,N/A,0
2025-07-17T02:20:06.943627,1239,N/A,0
2025-07-17T04:00:28.502568,1240,N/A,0
2025-07-17T05:30:50.589677,1241,N/A,0
2025-07-17T06:40:16.552010,1242,N/A,0
2025-07-17T07:27:43.563872,1243,N/A,0
2025-07-17T08:36:23.075792,1244,N/A,0
2025-07-17T09:31:57.845592,1245,N/A,0
2025-07-17T10:30:45.422433,1246,N/A,0
2025-07-17T11:24:29.261313,1247,N/A,0
2025-07-17T12:56:47.081000,1248,N/A,0
2025-07-17T13:42:43.049260,1249,N/A,0
2025-07-17T14:26:05.477472,1250,N/A,0
2025-07-17T15:30:27.247270,1251,N/A,0
2025-07-17T16:34:53.466167,1252,N/A,0
2025-07-17T17:26:00.002289,1253,N/A,0
2025-07-17T18:39:42.104610,1254,N/A,0
2025-07-17T19:22:46.107799,1255,N/A,0
2025-07-17T20:29:50.405662,1256,N/A,0
2025-07-17T21:25:53.413548,1257,N/A,0
2025-07-17T22:26:36.886166,1258,N/A,0
2025-07-17T23:26:46.578315,1259,N/A,0
2025-07-18T02:21:30.368494,1260,N/A,0
2025-07-18T04:02:42.936381,1261,N/A,0
2025-07-18T05:32:16.221837,1262,N/A,0
2025-07-18T06:40:08.330763,1263,N/A,0
2025-07-18T07:28:36.503230,1264,N/A,0
2025-07-18T08:36:04.502922,1265,N/A,0
2025-07-18T09:31:36.137452,1266,N/A,0
2025-07-18T10:30:04.310900,1267,N/A,0
2025-07-18T11:23:58.645446,1268,N/A,0
2025-07-18T12:57:34.185531,1269,N/A,0
2025-07-18T13:42:30.488209,1270,N/A,0
2025-07-18T14:27:16.409178,1271,N/A,0
2025-07-18T15:28:32.665495,1272,N/A,0
2025-07-18T16:35:10.248359,1273,N/A,0
2025-07-18T17:26:12.569926,1274,N/A,0
2025-07-18T18:38:05.437571,1275,N/A,0
2025-07-18T19:22:00.489109,1276,N/A,0
2025-07-18T20:29:23.683822,1277,N/A,0
2025-07-18T21:25:58.219285,1278,N/A,0
2025-07-18T22:26:36.827720,1279,N/A,0
2025-07-18T23:26:00.471324,1280,N/A,0
2025-07-19T02:09:31.149884,1281,N/A,0
2025-07-19T03:55:44.674166,1282,N/A,0
2025-07-19T04:37:37.113926,1283,N/A,0
2025-07-19T05:27:46.277997,1284,N/A,0
2025-07-19T06:37:24.811327,1285,N/A,0
2025-07-19T07:24:27.011350,1286,N/A,0
2025-07-19T08:33:06.893249,1287,N/A,0
2025-07-19T09:26:37.617083,1288,N/A,0
2025-07-19T10:28:08.769668,1289,N/A,0
2025-07-19T11:21:45.178621,1290,N/A,0
2025-07-19T12:52:06.609838,1291,N/A,0
2025-07-19T13:34:29.699646,1292,N/A,0
2025-07-19T14:23:54.475238,1293,N/A,0
2025-07-19T15:26:14.004281,1294,N/A,0
2025-07-19T16:31:30.279298,1295,N/A,0
2025-07-19T17:24:08.363449,1296,N/A,0
2025-07-19T18:35:38.215242,1297,N/A,0
2025-07-19T19:19:59.888598,1298,N/A,0
2025-07-19T20:28:23.165535,1299,N/A,0
2025-07-19T21:24:38.555707,1300,N/A,0
2025-07-19T22:25:47.612838,1301,N/A,0
2025-07-19T23:28:26.678773,1302,N/A,0
2025-07-20T02:30:02.226460,1303,N/A,0
2025-07-20T04:08:59.301302,1304,N/A,0
2025-07-20T05:31:51.914873,1305,N/A,0
2025-07-20T06:37:21.213878,1306,N/A,0
2025-07-20T07:24:33.724877,1307,N/A,0
2025-07-20T08:32:46.142535,1308,N/A,0
2025-07-20T09:26:36.132567,1309,N/A,0
2025-07-20T10:28:52.123626,1310,N/A,0
2025-07-20T11:21:46.510563,1311,N/A,0
2025-07-20T12:52:25.151663,1312,N/A,0
2025-07-20T13:35:28.599001,1313,N/A,0
2025-07-20T14:24:10.137203,1314,N/A,0
2025-07-20T15:26:26.329262,1315,N/A,0
2025-07-20T16:31:31.961796,1316,N/A,0
2025-07-20T17:23:16.766437,1317,N/A,0
2025-07-20T18:35:44.050103,1318,N/A,0
2025-07-20T19:20:13.986436,1319,N/A,0
2025-07-20T20:28:51.394465,1320,N/A,0
2025-07-20T21:24:51.657501,1321,N/A,0
2025-07-20T22:25:45.308928,1322,N/A,0
2025-07-20T23:26:42.221866,1323,N/A,0
2025-07-21T02:26:41.581602,1324,N/A,0
2025-07-21T04:08:08.043568,1325,N/A,0
2025-07-21T05:33:58.930829,1326,N/A,0
2025-07-21T06:40:45.637769,1327,N/A,0
2025-07-21T07:34:05.277083,1328,N/A,0
2025-07-21T08:39:46.097212,1329,N/A,0
2025-07-21T09:35:28.957990,1330,N/A,0
2025-07-21T10:31:28.035276,1331,N/A,0
2025-07-21T11:24:31.707625,1332,N/A,0
2025-07-21T12:58:22.058439,1333,N/A,0
2025-07-21T13:46:38.270028,1334,N/A,0
2025-07-21T14:29:15.292398,1335,N/A,0
2025-07-21T15:30:19.831820,1336,N/A,0
2025-07-21T16:34:57.413684,1337,N/A,0
2025-07-21T17:26:30.305231,1338,N/A,0
2025-07-21T18:40:06.300963,1339,N/A,0
2025-07-21T19:23:31.635382,1340,N/A,0
2025-07-21T20:30:16.145361,1341,N/A,0
2025-07-21T21:26:23.108229,1342,N/A,0
2025-07-21T22:27:10.529490,1343,N/A,0
2025-07-21T23:26:33.766974,1344,N/A,0
2025-07-22T02:20:39.039146,1345,N/A,0
2025-07-22T04:02:38.008617,1346,N/A,0
2025-07-22T05:31:11.754994,1347,N/A,0
2025-07-22T06:40:33.125859,1348,N/A,0
2025-07-22T07:28:45.229287,1349,N/A,0
2025-07-22T08:37:23.350464,1350,N/A,0
2025-07-22T09:32:35.397255,1351,N/A,0
2025-07-22T10:30:55.679613,1352,N/A,0
2025-07-22T11:24:11.353530,1353,N/A,0
2025-07-22T12:58:16.718196,1354,N/A,0
2025-07-22T13:46:09.308840,1355,N/A,0
2025-07-22T14:27:17.274790,1356,N/A,0
2025-07-22T15:30:52.063500,1357,N/A,0
2025-07-22T16:35:55.642105,1358,N/A,0
2025-07-22T17:27:13.361511,1359,N/A,0
2025-07-22T18:40:01.083254,1360,N/A,0
2025-07-22T19:22:52.803037,1361,N/A,0
2025-07-22T20:30:41.586573,1362,N/A,0
2025-07-22T21:26:27.036333,1363,N/A,0
2025-07-22T22:26:21.530643,1364,N/A,0
2025-07-22T23:26:41.493725,1365,N/A,0
2025-07-23T02:21:57.112350,1366,N/A,0
2025-07-23T04:04:08.076664,1367,N/A,0
2025-07-23T05:34:31.791160,1368,N/A,0
2025-07-23T06:41:15.288130,1369,N/A,0
2025-07-23T07:29:57.155519,1370,N/A,0
2025-07-23T08:37:55.925427,1371,N/A,0
2025-07-23T09:33:48.208532,1372,N/A,0
2025-07-23T10:31:01.002797,1373,N/A,0
2025-07-23T11:24:44.179301,1374,N/A,0
2025-07-23T12:58:38.597519,1375,N/A,0
2025-07-23T13:45:01.252633,1376,N/A,0
2025-07-23T14:29:22.499054,1377,N/A,0
2025-07-23T15:31:05.124033,1378,N/A,0
2025-07-23T16:35:55.679065,1379,N/A,0
2025-07-23T17:27:30.846998,1380,N/A,0
2025-07-23T18:39:14.600071,1381,N/A,0
2025-07-23T19:23:15.385028,1382,N/A,0
2025-07-23T20:30:49.301934,1383,N/A,0
2025-07-23T21:26:58.589097,1384,N/A,0
2025-07-23T22:26:58.410616,1385,N/A,0
2025-07-23T23:27:10.552256,1386,N/A,0
2025-07-24T02:21:01.692748,1387,N/A,0
2025-07-24T04:03:01.612903,1388,N/A,0
2025-07-24T05:32:04.634675,1389,N/A,0
2025-07-24T06:41:01.724678,1390,N/A,0
2025-07-24T07:29:07.874162,1391,N/A,0
2025-07-24T08:36:59.454904,1392,N/A,0
2025-07-24T09:32:06.415433,1393,N/A,0
2025-07-24T10:30:45.928115,1394,N/A,0
2025-07-24T11:24:27.035040,1395,N/A,0
2025-07-24T12:58:11.483425,1396,N/A,0
2025-07-24T13:46:16.385677,1397,N/A,0
2025-07-24T14:28:56.126565,1398,N/A,0
2025-07-24T15:27:29.476816,1399,N/A,0
2025-07-24T16:33:13.338502,1400,N/A,0
2025-07-24T17:26:10.600434,1401,N/A,0
2025-07-24T18:39:28.893220,1402,N/A,0
2025-07-24T19:23:10.907293,1403,N/A,0
2025-07-24T20:28:45.763160,1404,N/A,0
2025-07-24T21:26:45.597501,1405,N/A,0
2025-07-24T22:26:55.045270,1406,N/A,0
2025-07-24T23:26:56.784355,1407,N/A,0
2025-07-25T02:20:34.563225,1408,N/A,0
2025-07-25T04:02:34.258864,1409,N/A,0
2025-07-25T05:33:27.162280,1410,N/A,0
2025-07-25T06:41:00.340608,1411,N/A,0
2025-07-25T07:28:49.788544,1412,N/A,0
2025-07-25T08:35:56.531494,1413,N/A,0
2025-07-25T09:31:44.439354,1414,N/A,0
2025-07-25T10:31:17.677379,1415,N/A,0
2025-07-25T11:24:01.418770,1416,N/A,0
2025-07-25T12:56:56.515247,1417,N/A,0
2025-07-25T13:41:52.726803,1418,N/A,0
2025-07-25T14:26:28.876120,1419,N/A,0
2025-07-25T15:29:47.427593,1420,N/A,0
2025-07-25T16:34:19.903638,1421,N/A,0
2025-07-25T17:26:41.345459,1422,N/A,0
2025-07-25T18:39:30.640372,1423,N/A,0
2025-07-25T19:22:29.573305,1424,N/A,0
2025-07-25T20:29:50.501076,1425,N/A,0
2025-07-25T21:26:05.471297,1426,N/A,0
2025-07-25T22:26:31.626731,1427,N/A,0
2025-07-25T23:26:17.460777,1428,N/A,0
2025-07-26T02:11:01.981834,1429,N/A,0
2025-07-26T04:00:48.598986,1430,N/A,0
2025-07-26T05:28:41.797649,1431,N/A,0
2025-07-26T06:38:15.505357,1432,N/A,0
2025-07-26T07:25:23.062142,1433,N/A,0
2025-07-26T08:33:03.247883,1434,N/A,0
2025-07-26T09:26:45.862706,1435,N/A,0
2025-07-26T10:27:31.802384,1436,N/A,0
2025-07-26T11:22:28.918875,1437,N/A,0
2025-07-26T12:52:36.736213,1438,N/A,0
2025-07-26T13:36:32.929929,1439,N/A,0
2025-07-26T14:25:06.990241,1440,N/A,0
2025-07-26T15:26:38.754039,1441,N/A,0
2025-07-26T16:31:31.211334,1442,N/A,0
2025-07-26T17:25:44.966458,1443,N/A,0
2025-07-26T18:36:25.760350,1444,N/A,0
2025-07-26T19:20:12.213857,1445,N/A,0
2025-07-26T20:28:11.115346,1446,N/A,0
2025-07-26T21:24:34.179287,1447,N/A,0
2025-07-26T22:25:52.049767,1448,N/A,0
2025-07-26T23:25:51.061643,1449,N/A,0
2025-07-27T02:31:02.369647,1450,N/A,0
2025-07-27T04:09:55.394365,1451,N/A,0
2025-07-27T05:32:22.518120,1452,N/A,0
2025-07-27T06:39:01.417739,1453,N/A,0
2025-07-27T07:25:09.226997,1454,N/A,0
2025-07-27T08:32:52.603161,1455,N/A,0
2025-07-27T09:27:50.659583,1456,N/A,0
2025-07-27T10:27:44.323031,1457,N/A,0
2025-07-27T11:22:01.627803,1458,N/A,0
2025-07-27T12:53:52.969637,1459,N/A,0
2025-07-27T13:35:37.291358,1460,N/A,0
2025-07-27T14:24:32.944822,1461,N/A,0
2025-07-27T15:26:24.979859,1462,N/A,0
2025-07-27T16:32:12.171246,1463,N/A,0
2025-07-27T17:24:45.637905,1464,N/A,0
2025-07-27T18:36:31.168422,1465,N/A,0
2025-07-27T19:22:28.803629,1466,N/A,0
2025-07-27T20:28:54.065647,1467,N/A,0
2025-07-27T21:25:13.049151,1468,N/A,0
2025-07-27T22:26:11.106574,1469,N/A,0
2025-07-27T23:26:51.468106,1470,N/A,0
2025-07-28T02:27:31.941413,1471,N/A,0
2025-07-28T04:10:01.624142,1472,N/A,0
2025-07-28T05:34:54.274766,1473,N/A,0
2025-07-28T06:44:04.259183,1474,N/A,0
2025-07-28T07:31:48.586898,1475,N/A,0
2025-07-28T08:38:59.295252,1476,N/A,0
2025-07-28T09:34:56.991427,1477,N/A,0
2025-07-28T10:31:19.885566,1478,N/A,0
2025-07-28T11:24:27.939772,1479,N/A,0
2025-07-28T12:59:28.677579,1480,N/A,0
2025-07-28T13:48:37.136272,1481,N/A,0
2025-07-28T14:29:36.315715,1482,N/A,0
2025-07-28T15:30:52.188688,1483,N/A,0
2025-07-28T16:36:16.530806,1484,N/A,0
2025-07-28T17:27:58.683259,1485,N/A,0
2025-07-28T18:41:12.371515,1486,N/A,0
2025-07-28T19:23:41.007093,1487,N/A,0
2025-07-28T20:31:39.086054,1488,N/A,0
2025-07-28T21:25:19.507955,1489,N/A,0
2025-07-28T22:28:27.297421,1490,N/A,0
2025-07-28T23:28:29.295474,1491,N/A,0
2025-07-29T02:32:36.965790,1492,N/A,0
2025-07-29T04:11:41.347598,1493,N/A,0
2025-07-29T05:35:16.092993,1494,N/A,0
2025-07-29T06:41:28.850074,1495,N/A,0
2025-07-29T07:30:37.343308,1496,N/A,0
2025-07-29T08:37:36.146787,1497,N/A,0
2025-07-29T09:33:12.394852,1498,N/A,0
2025-07-29T10:30:24.260470,1499,N/A,0
2025-07-29T11:24:26.093728,1500,N/A,0
2025-07-29T13:00:02.448359,1501,N/A,0
2025-07-29T13:49:31.594573,1502,N/A,0
2025-07-29T14:31:23.646353,1503,N/A,0
2025-07-29T15:32:17.072860,1504,N/A,0
2025-07-29T16:34:56.636214,1505,N/A,0
2025-07-29T17:27:53.219758,1506,N/A,0
2025-07-29T18:41:27.020586,1507,N/A,0
2025-07-29T19:25:34.379840,1508,N/A,0
2025-07-29T20:31:18.318947,1509,N/A,0
2025-07-29T21:27:19.498733,1510,N/A,0
2025-07-29T22:27:50.224322,1511,N/A,0
2025-07-29T23:27:06.197673,1512,N/A,0
2025-07-30T02:24:00.561631,1513,N/A,0
2025-07-30T04:07:37.788804,1514,N/A,0
2025-07-30T05:35:30.332771,1515,N/A,0
2025-07-30T06:43:49.169952,1516,N/A,0
2025-07-30T07:31:20.843150,1517,N/A,0
2025-07-30T08:38:06.574936,1518,N/A,0
2025-07-30T09:35:17.887623,1519,N/A,0
2025-07-30T10:30:37.045572,1520,N/A,0
2025-07-30T11:24:44.839365,1521,N/A,0
2025-07-30T12:59:43.861970,1522,N/A,0
2025-07-30T14:28:30.648508,1523,N/A,0
2025-07-30T15:30:30.640477,1524,N/A,0
2025-07-30T16:34:27.170913,1525,N/A,0
2025-07-30T17:27:43.288694,1526,N/A,0
2025-07-30T18:40:28.513797,1527,N/A,0
2025-07-30T19:23:55.346222,1528,N/A,0
2025-07-30T20:29:22.487903,1529,N/A,0
2025-07-30T21:27:02.167813,1530,N/A,0
2025-07-30T22:27:08.973903,1531,N/A,0
2025-07-30T23:26:52.718965,1532,N/A,0
2025-07-31T02:23:25.654167,1533,N/A,0
2025-07-31T04:06:57.922717,1534,N/A,0
2025-07-31T05:34:09.331487,1535,N/A,0
2025-07-31T06:41:10.192506,1536,N/A,0
2025-07-31T07:30:09.920700,1537,N/A,0
2025-07-31T08:37:54.114807,1538,N/A,0
2025-07-31T09:33:41.475249,1539,N/A,0
2025-07-31T10:31:12.316773,1540,N/A,0
2025-07-31T11:24:39.090609,1541,N/A,0
2025-07-31T12:58:12.541045,1542,N/A,0
2025-07-31T13:46:25.122858,1543,N/A,0
2025-07-31T14:29:08.708747,1544,N/A,0
2025-07-31T15:30:16.760202,1545,N/A,0
2025-07-31T16:35:49.081829,1546,N/A,0
2025-07-31T17:26:35.354462,1547,N/A,0
2025-07-31T18:40:41.001059,1548,N/A,0
2025-07-31T19:24:02.441296,1549,N/A,0
2025-07-31T20:31:01.574985,1550,N/A,0
2025-07-31T21:27:01.581863,1551,N/A,0
2025-07-31T22:27:27.513490,1552,N/A,0
2025-07-31T23:26:56.235733,1553,N/A,0
2025-08-01T02:34:48.041336,1554,N/A,0
2025-08-01T04:18:01.481772,1555,N/A,0
2025-08-01T05:36:13.292227,1556,N/A,0
2025-08-01T06:44:23.940433,1557,N/A,0
2025-08-01T07:32:52.276006,1558,N/A,0
2025-08-01T08:37:26.052330,1559,N/A,0
2025-08-01T09:33:25.930307,1560,N/A,0
2025-08-01T10:30:55.337214,1561,N/A,0
2025-08-01T11:24:11.540418,1562,N/A,0
2025-08-01T12:58:30.587602,1563,N/A,0
2025-08-01T13:45:39.588949,1564,N/A,0
2025-08-01T14:28:51.027889,1565,N/A,0
2025-08-01T15:30:16.086850,1566,N/A,0
2025-08-01T16:36:09.289580,1567,N/A,0
2025-08-01T17:27:34.386058,1568,N/A,0
2025-08-01T18:39:40.307989,1569,N/A,0
2025-08-01T19:22:58.114248,1570,N/A,0
2025-08-01T20:30:10.430371,1571,N/A,0
2025-08-01T21:26:17.126100,1572,N/A,0
2025-08-01T22:26:59.943798,1573,N/A,0
2025-08-01T23:26:43.590568,1574,N/A,0
2025-08-02T02:12:03.391396,1575,N/A,0
2025-08-02T03:58:51.764727,1576,N/A,0
2025-08-02T04:43:49.155359,1577,N/A,0
2025-08-02T05:29:44.002120,1578,N/A,0
2025-08-02T06:37:28.370404,1579,N/A,0
2025-08-02T07:25:05.580786,1580,N/A,0
2025-08-02T08:33:15.129877,1581,N/A,0
2025-08-02T09:29:10.646621,1582,N/A,0
2025-08-02T10:27:50.382119,1583,N/A,0
2025-08-02T11:22:36.279381,1584,N/A,0
2025-08-02T12:53:30.030743,1585,N/A,0
2025-08-02T13:35:26.357075,1586,N/A,0
2025-08-02T14:25:19.470794,1587,N/A,0
2025-08-02T15:27:05.693266,1588,N/A,0
2025-08-02T16:32:15.957469,1589,N/A,0
2025-08-02T17:24:36.624718,1590,N/A,0
2025-08-02T18:37:05.836063,1591,N/A,0
2025-08-02T19:20:39.414519,1592,N/A,0
2025-08-02T20:28:28.341187,1593,N/A,0
2025-08-02T21:24:51.122762,1594,N/A,0
2025-08-02T22:26:15.676533,1595,N/A,0
2025-08-02T23:27:32.704286,1596,N/A,0
2025-08-03T02:33:25.550781,1597,N/A,0
2025-08-03T04:13:16.553579,1598,N/A,0
2025-08-03T05:33:03.003745,1599,N/A,0
2025-08-03T06:38:09.929756,1600,N/A,0
2025-08-03T07:25:26.420118,1601,N/A,0
2025-08-03T08:33:24.339077,1602,N/A,0
2025-08-03T09:27:13.683764,1603,N/A,0
2025-08-03T10:28:07.306648,1604,N/A,0
2025-08-03T11:24:02.568287,1605,N/A,0
2025-08-03T12:56:14.072107,1606,N/A,0
2025-08-03T13:37:33.107448,1607,N/A,0
2025-08-03T14:24:28.206036,1608,N/A,0
2025-08-03T15:27:02.153608,1609,N/A,0
2025-08-03T16:32:58.580575,1610,N/A,0
2025-08-03T17:24:33.217035,1611,N/A,0
2025-08-03T18:37:48.104690,1612,N/A,0
2025-08-03T19:21:56.067995,1613,N/A,0
2025-08-03T20:29:37.363927,1614,N/A,0
2025-08-03T21:25:40.714838,1615,N/A,0
2025-08-03T22:26:51.891041,1616,N/A,0
2025-08-03T23:26:50.747077,1617,N/A,0
2025-08-04T02:32:51.396812,1618,N/A,0
2025-08-04T04:19:31.630221,1619,N/A,0
2025-08-04T05:41:07.131805,1620,N/A,0
2025-08-04T06:49:11.639215,1621,N/A,0
2025-08-04T07:35:26.041366,1622,N/A,0
2025-08-04T08:39:09.425546,1623,N/A,0
2025-08-04T09:39:20.916964,1624,N/A,0
2025-08-04T10:32:38.446047,1625,N/A,0
2025-08-04T11:25:33.730606,1626,N/A,0
2025-08-04T13:00:56.859503,1627,N/A,0
2025-08-04T14:32:04.825258,1628,N/A,0
2025-08-04T15:32:07.997676,1629,N/A,0
2025-08-04T16:37:52.432859,1630,N/A,0
2025-08-04T17:30:04.911651,1631,N/A,0
2025-08-04T18:41:47.045723,1632,N/A,0
2025-08-04T19:25:14.937642,1633,N/A,0
2025-08-04T20:31:35.326529,1634,N/A,0
2025-08-04T21:27:52.665386,1635,N/A,0
2025-08-04T22:28:23.482584,1636,N/A,0
2025-08-04T23:27:30.604747,1637,N/A,0
2025-08-05T02:26:35.567231,1638,N/A,0
2025-08-05T04:11:51.470588,1639,N/A,0
2025-08-05T05:35:49.680922,1640,N/A,0
2025-08-05T06:44:01.002406,1641,N/A,0
2025-08-05T07:32:46.976000,1642,N/A,0
2025-08-05T08:38:37.037075,1643,N/A,0
2025-08-05T09:34:13.439358,1644,N/A,0
2025-08-05T10:31:22.402672,1645,N/A,0
2025-08-05T11:25:05.565516,1646,N/A,0
2025-08-05T13:00:55.928465,1647,N/A,0
2025-08-05T14:31:59.136905,1648,N/A,0
2025-08-05T15:32:21.711225,1649,N/A,0
2025-08-05T16:30:06.383580,1650,N/A,0
2025-08-05T17:26:49.809349,1651,N/A,0
2025-08-05T18:43:34.968541,1652,N/A,0
2025-08-05T19:26:37.038995,1653,N/A,0
2025-08-05T20:29:23.113718,1654,N/A,0
2025-08-05T21:27:22.387152,1655,N/A,0
2025-08-05T22:28:33.762482,1656,N/A,0
2025-08-05T23:28:34.314649,1657,N/A,0
2025-08-06T02:24:38.450675,1658,N/A,0
2025-08-06T04:09:14.378861,1659,N/A,0
2025-08-06T05:36:41.750507,1660,N/A,0
2025-08-06T06:44:42.157395,1661,N/A,0
2025-08-06T07:32:39.510573,1662,N/A,0
2025-08-06T08:38:17.870115,1663,N/A,0
2025-08-06T09:34:44.114237,1664,N/A,0
2025-08-06T10:31:08.636174,1665,N/A,0
2025-08-06T11:24:49.292024,1666,N/A,0
2025-08-06T13:00:51.551273,1667,N/A,0
2025-08-06T14:31:21.377781,1668,N/A,0
2025-08-06T15:32:02.763610,1669,N/A,0
2025-08-06T16:36:07.487253,1670,N/A,0
2025-08-06T17:28:06.698495,1671,N/A,0
2025-08-06T18:40:06.816426,1672,N/A,0
2025-08-06T19:24:53.813473,1673,N/A,0
2025-08-06T20:30:42.119241,1674,N/A,0
2025-08-06T21:25:25.829181,1675,N/A,0
2025-08-06T22:28:17.676153,1676,N/A,0
2025-08-06T23:27:45.308439,1677,N/A,0
2025-08-07T02:24:57.341840,1678,N/A,0
2025-08-07T04:09:13.670948,1679,N/A,0
2025-08-07T05:35:06.325009,1680,N/A,0
2025-08-07T06:44:03.813573,1681,N/A,0
2025-08-07T07:31:39.289286,1682,N/A,0
2025-08-07T08:38:02.871351,1683,N/A,0
2025-08-07T09:33:55.174747,1684,N/A,0
2025-08-07T10:30:35.452870,1685,N/A,0
2025-08-07T11:25:29.679376,1686,N/A,0
2025-08-07T13:00:19.635647,1687,N/A,0
2025-08-07T14:31:10.973607,1688,N/A,0
2025-08-07T15:31:28.769420,1689,N/A,0
2025-08-07T16:36:45.178909,1690,N/A,0
2025-08-07T17:28:05.657290,1691,N/A,0
2025-08-07T18:42:09.220065,1692,N/A,0
2025-08-07T19:24:40.400752,1693,N/A,0
2025-08-07T20:31:21.382602,1694,N/A,0
2025-08-07T21:25:55.843751,1695,N/A,0
2025-08-07T22:28:07.282013,1696,N/A,0
2025-08-07T23:27:33.039338,1697,N/A,0
2025-08-08T02:24:54.124216,1698,N/A,0
2025-08-08T04:08:41.612308,1699,N/A,0
2025-08-08T05:35:07.937554,1700,N/A,0
2025-08-08T06:43:38.320774,1701,N/A,0
2025-08-08T07:31:21.861001,1702,N/A,0
2025-08-08T08:37:50.147517,1703,N/A,0
2025-08-08T09:33:50.366188,1704,N/A,0
2025-08-08T10:30:37.486495,1705,N/A,0
2025-08-08T11:25:09.002382,1706,N/A,0
2025-08-08T12:59:03.440809,1707,N/A,0
2025-08-08T13:47:02.233521,1708,N/A,0
2025-08-08T14:28:59.568584,1709,N/A,0
2025-08-08T15:30:04.303584,1710,N/A,0
2025-08-08T16:33:25.500961,1711,N/A,0
2025-08-08T17:22:09.084190,1712,N/A,0
2025-08-08T18:37:42.319180,1713,N/A,0
2025-08-08T19:20:46.879499,1714,N/A,0
2025-08-08T20:29:24.312323,1715,N/A,0
2025-08-08T21:24:57.567173,1716,N/A,0
2025-08-08T22:26:00.305473,1717,N/A,0
2025-08-08T23:25:39.559098,1718,N/A,0
2025-08-09T02:06:58.684689,1719,N/A,0
2025-08-09T03:53:30.208794,1720,N/A,0
2025-08-09T04:35:05.874475,1721,N/A,0
2025-08-09T05:26:13.109472,1722,N/A,0
2025-08-09T06:37:44.744182,1723,N/A,0
2025-08-09T07:24:04.280805,1724,N/A,0
2025-08-09T08:32:35.311506,1725,N/A,0
2025-08-09T09:26:27.429625,1726,N/A,0
2025-08-09T10:26:37.573356,1727,N/A,0
2025-08-09T11:21:09.550995,1728,N/A,0
2025-08-09T12:52:32.772155,1729,N/A,0
2025-08-09T13:33:59.790128,1730,N/A,0
2025-08-09T14:24:08.901681,1731,N/A,0
2025-08-09T15:25:55.267403,1732,N/A,0
2025-08-09T16:31:43.900609,1733,N/A,0
2025-08-09T17:22:31.285801,1734,N/A,0
2025-08-09T18:36:14.376522,1735,N/A,0
2025-08-09T19:19:58.465332,1736,N/A,0
2025-08-09T20:27:52.327953,1737,N/A,0
2025-08-09T21:23:53.647984,1738,N/A,0
2025-08-09T22:25:19.701759,1739,N/A,0
2025-08-09T23:25:08.768826,1740,N/A,0
2025-08-10T02:28:35.699447,1741,N/A,0
2025-08-10T04:07:14.459697,1742,N/A,0
2025-08-10T05:29:27.052705,1743,N/A,0
2025-08-10T06:37:29.039585,1744,N/A,0
2025-08-10T07:24:03.938386,1745,N/A,0
2025-08-10T08:32:47.666756,1746,N/A,0
2025-08-10T09:26:40.328589,1747,N/A,0
2025-08-10T10:27:19.800430,1748,N/A,0
2025-08-10T11:21:22.777074,1749,N/A,0
2025-08-10T12:52:56.798130,1750,N/A,0
2025-08-10T13:34:24.016901,1751,N/A,0
2025-08-10T14:24:10.781535,1752,N/A,0
2025-08-10T15:25:51.625737,1753,N/A,0
2025-08-10T16:31:26.975164,1754,N/A,0
2025-08-10T17:21:54.204402,1755,N/A,0
2025-08-10T18:35:27.359735,1756,N/A,0
2025-08-10T19:20:18.950695,1757,N/A,0
2025-08-10T20:28:06.271567,1758,N/A,0
2025-08-10T21:24:01.013823,1759,N/A,0
2025-08-10T22:25:17.391578,1760,N/A,0
2025-08-10T23:25:06.522433,1761,N/A,0
2025-08-11T02:24:32.198827,1762,N/A,0
2025-08-11T04:08:14.591692,1763,N/A,0
2025-08-11T05:34:19.026483,1764,N/A,0
2025-08-11T06:43:20.986060,1765,N/A,0
2025-08-11T07:31:04.453853,1766,N/A,0
2025-08-11T08:38:22.695877,1767,N/A,0
2025-08-11T09:33:11.663901,1768,N/A,0
2025-08-11T10:30:54.085195,1769,N/A,0
2025-08-11T11:24:30.300497,1770,N/A,0
2025-08-11T12:58:26.921501,1771,N/A,0
2025-08-11T13:46:34.660548,1772,N/A,0
2025-08-11T14:28:55.294023,1773,N/A,0
2025-08-11T15:30:10.808322,1774,N/A,0
2025-08-11T16:35:30.719592,1775,N/A,0
2025-08-11T17:26:03.832328,1776,N/A,0
2025-08-11T18:40:00.989051,1777,N/A,0
2025-08-11T19:22:51.275470,1778,N/A,0
2025-08-11T20:27:20.231337,1779,N/A,0
2025-08-11T21:22:53.733781,1780,N/A,0
2025-08-11T22:25:47.586098,1781,N/A,0
2025-08-11T23:24:17.717323,1782,N/A,0
2025-08-12T02:06:29.314195,1783,N/A,0
2025-08-12T03:51:41.982388,1784,N/A,0
2025-08-12T04:34:16.589287,1785,N/A,0
2025-08-12T05:26:12.306800,1786,N/A,0
2025-08-12T06:39:18.691664,1787,N/A,0
2025-08-12T07:26:25.439868,1788,N/A,0
2025-08-12T08:34:57.631026,1789,N/A,0
2025-08-12T09:29:33.553621,1790,N/A,0
2025-08-12T10:29:05.608499,1791,N/A,0
2025-08-12T11:23:01.929011,1792,N/A,0
2025-08-12T12:55:32.170222,1793,N/A,0
2025-08-12T13:39:03.721779,1794,N/A,0
2025-08-12T14:27:14.193402,1795,N/A,0
2025-08-12T15:29:24.078348,1796,N/A,0
2025-08-12T16:34:19.750796,1797,N/A,0
2025-08-12T17:25:04.550152,1798,N/A,0
2025-08-12T18:39:26.705179,1799,N/A,0
2025-08-12T19:21:01.501971,1800,N/A,0
2025-08-12T20:29:39.013126,1801,N/A,0
2025-08-12T21:25:10.658664,1802,N/A,0
2025-08-12T22:25:08.382207,1803,N/A,0
2025-08-12T23:24:47.205453,1804,N/A,0
2025-08-13T02:08:10.429776,1805,N/A,0
2025-08-13T03:53:32.301209,1806,N/A,0
2025-08-13T04:35:52.329217,1807,N/A,0
2025-08-13T05:27:06.195577,1808,N/A,0
2025-08-13T06:39:48.852307,1809,N/A,0
2025-08-13T07:26:40.973357,1810,N/A,0
2025-08-13T08:35:43.960237,1811,N/A,0
2025-08-13T09:29:25.370999,1812,N/A,0
2025-08-13T10:29:44.849667,1813,N/A,0
2025-08-13T11:23:22.692249,1814,N/A,0
2025-08-13T12:56:28.637378,1815,N/A,0
2025-08-13T13:40:39.036531,1816,N/A,0
2025-08-13T14:27:12.139435,1817,N/A,0
2025-08-13T15:25:25.317175,1818,N/A,0
2025-08-13T16:28:59.848315,1819,N/A,0
2025-08-13T17:02:53.747991,1820,N/A,0
2025-08-13T17:20:57.764314,1821,N/A,0
2025-08-13T18:37:01.848499,1822,N/A,0
2025-08-13T19:21:19.758399,1823,N/A,0
2025-08-13T20:29:14.385342,1824,N/A,0
2025-08-13T21:24:26.065607,1825,N/A,0
2025-08-13T22:25:17.449038,1826,N/A,0
2025-08-13T23:25:16.359716,1827,N/A,0
2025-08-14T02:08:51.177248,1828,N/A,0
2025-08-14T03:54:30.062910,1829,N/A,0
2025-08-14T04:36:01.975885,1830,N/A,0
2025-08-14T05:27:27.811880,1831,N/A,0
2025-08-14T06:40:05.353562,1832,N/A,0
2025-08-14T07:26:29.234105,1833,N/A,0
2025-08-14T08:36:14.852151,1834,N/A,0
2025-08-14T09:30:32.613295,1835,N/A,0
2025-08-14T10:29:51.251623,1836,N/A,0
2025-08-14T11:23:19.578244,1837,N/A,0
2025-08-14T12:57:04.314420,1838,N/A,0
2025-08-14T13:40:54.971764,1839,N/A,0
2025-08-14T14:26:31.441807,1840,N/A,0
2025-08-14T15:28:55.533394,1841,N/A,0
2025-08-14T16:34:22.842027,1842,N/A,0
2025-08-14T17:24:08.441892,1843,N/A,0
2025-08-14T18:38:35.411797,1844,N/A,0
2025-08-14T19:20:30.866043,1845,N/A,0
2025-08-14T20:29:34.768779,1846,N/A,0
2025-08-14T21:24:27.179331,1847,N/A,0
2025-08-14T22:25:22.534201,1848,N/A,0
2025-08-14T23:24:44.806031,1849,N/A,0
2025-08-15T02:09:28.405461,1850,N/A,0
2025-08-15T03:55:05.357697,1851,N/A,0
2025-08-15T04:36:10.342169,1852,N/A,0
2025-08-15T05:27:25.462614,1853,N/A,0
2025-08-15T06:39:31.564439,1854,N/A,0
2025-08-15T07:25:20.104909,1855,N/A,0
2025-08-15T08:34:18.154966,1856,N/A,0
2025-08-15T09:28:10.244394,1857,N/A,0
2025-08-15T10:27:47.720758,1858,N/A,0
2025-08-15T11:22:02.332486,1859,N/A,0
2025-08-15T12:53:09.801112,1860,N/A,0
2025-08-15T13:35:26.200203,1861,N/A,0
2025-08-15T14:25:46.208529,1862,N/A,0
2025-08-15T15:27:06.582101,1863,N/A,0
2025-08-15T16:32:23.780090,1864,N/A,0
2025-08-15T17:23:40.395142,1865,N/A,0
2025-08-15T18:37:59.684781,1866,N/A,0
2025-08-15T19:20:15.299851,1867,N/A,0
2025-08-15T20:28:28.161108,1868,N/A,0
2025-08-15T21:22:04.223562,1869,N/A,0
2025-08-15T22:25:38.870490,1870,N/A,0
2025-08-15T23:24:35.705062,1871,N/A,0
2025-08-16T02:03:25.516852,1872,N/A,0
2025-08-16T03:48:47.748600,1873,N/A,0
2025-08-16T04:32:01.229727,1874,N/A,0
